Entity,Code,Year,Children (0-14) living with HIV
Afghanistan,AFG,1990,100
Afghanistan,AFG,1991,100
Afghanistan,AFG,1992,100
Afghanistan,AFG,1993,100
Afghanistan,AFG,1994,100
Afghanistan,AFG,1995,100
Afghanistan,AFG,1996,100
Afghanistan,AFG,1997,100
Afghanistan,AFG,1998,100
Afghanistan,AFG,1999,100
Afghanistan,AFG,2000,100
Afghanistan,AFG,2001,100
Afghanistan,AFG,2002,200
Afghanistan,AFG,2003,200
Afghanistan,AFG,2004,200
Afghanistan,AFG,2005,200
Afghanistan,AFG,2006,200
Afghanistan,AFG,2007,500
Afghanistan,AFG,2008,500
Afghanistan,AFG,2009,500
Afghanistan,AFG,2010,500
Afghanistan,AFG,2011,500
Afghanistan,AFG,2012,500
Afghanistan,AFG,2013,500
Afghanistan,AFG,2014,500
Afghanistan,AFG,2015,500
Afghanistan,AFG,2016,500
Afghanistan,AFG,2017,500
Afghanistan,AFG,2018,500
Afghanistan,AFG,2019,530
Afghanistan,AFG,2020,560
Algeria,DZA,1990,100
Algeria,DZA,1991,100
Algeria,DZA,1992,100
Algeria,DZA,1993,100
Algeria,DZA,1994,100
Algeria,DZA,1995,100
Algeria,DZA,1996,100
Algeria,DZA,1997,100
Algeria,DZA,1998,100
Algeria,DZA,1999,100
Algeria,DZA,2000,100
Algeria,DZA,2001,100
Algeria,DZA,2002,100
Algeria,DZA,2003,200
Algeria,DZA,2004,200
Algeria,DZA,2005,200
Algeria,DZA,2006,200
Algeria,DZA,2007,200
Algeria,DZA,2008,200
Algeria,DZA,2009,200
Algeria,DZA,2010,200
Algeria,DZA,2011,500
Algeria,DZA,2012,500
Algeria,DZA,2013,500
Algeria,DZA,2014,500
Algeria,DZA,2015,500
Algeria,DZA,2016,500
Algeria,DZA,2017,580
Algeria,DZA,2018,660
Algeria,DZA,2019,750
Algeria,DZA,2020,850
Angola,AGO,1990,1100
Angola,AGO,1991,1400
Angola,AGO,1992,1900
Angola,AGO,1993,2400
Angola,AGO,1994,3100
Angola,AGO,1995,3900
Angola,AGO,1996,4800
Angola,AGO,1997,5800
Angola,AGO,1998,7100
Angola,AGO,1999,8500
Angola,AGO,2000,10000
Angola,AGO,2001,12000
Angola,AGO,2002,14000
Angola,AGO,2003,16000
Angola,AGO,2004,18000
Angola,AGO,2005,20000
Angola,AGO,2006,22000
Angola,AGO,2007,25000
Angola,AGO,2008,27000
Angola,AGO,2009,29000
Angola,AGO,2010,31000
Angola,AGO,2011,33000
Angola,AGO,2012,35000
Angola,AGO,2013,37000
Angola,AGO,2014,37000
Angola,AGO,2015,39000
Angola,AGO,2016,40000
Angola,AGO,2017,41000
Angola,AGO,2018,41000
Angola,AGO,2019,40000
Angola,AGO,2020,39000
Argentina,ARG,1990,200
Argentina,ARG,1991,500
Argentina,ARG,1992,500
Argentina,ARG,1993,500
Argentina,ARG,1994,530
Argentina,ARG,1995,630
Argentina,ARG,1996,720
Argentina,ARG,1997,820
Argentina,ARG,1998,940
Argentina,ARG,1999,1000
Argentina,ARG,2000,1200
Argentina,ARG,2001,1300
Argentina,ARG,2002,1300
Argentina,ARG,2003,1400
Argentina,ARG,2004,1500
Argentina,ARG,2005,1500
Argentina,ARG,2006,1500
Argentina,ARG,2007,1600
Argentina,ARG,2008,1600
Argentina,ARG,2009,1600
Argentina,ARG,2010,1600
Argentina,ARG,2011,1500
Argentina,ARG,2012,1500
Argentina,ARG,2013,1500
Argentina,ARG,2014,1400
Argentina,ARG,2015,1400
Argentina,ARG,2016,1300
Argentina,ARG,2017,1300
Argentina,ARG,2018,1300
Argentina,ARG,2019,1200
Argentina,ARG,2020,1200
Armenia,ARM,1990,100
Armenia,ARM,1991,100
Armenia,ARM,1992,100
Armenia,ARM,1993,100
Armenia,ARM,1994,100
Armenia,ARM,1995,100
Armenia,ARM,1996,100
Armenia,ARM,1997,100
Armenia,ARM,1998,100
Armenia,ARM,1999,100
Armenia,ARM,2000,100
Armenia,ARM,2001,100
Armenia,ARM,2002,100
Armenia,ARM,2003,100
Armenia,ARM,2004,100
Armenia,ARM,2005,100
Armenia,ARM,2006,100
Armenia,ARM,2007,100
Armenia,ARM,2008,100
Armenia,ARM,2009,100
Armenia,ARM,2010,100
Armenia,ARM,2011,100
Armenia,ARM,2012,100
Armenia,ARM,2013,100
Armenia,ARM,2014,100
Armenia,ARM,2015,100
Armenia,ARM,2016,100
Armenia,ARM,2017,100
Armenia,ARM,2018,100
Armenia,ARM,2019,100
Armenia,ARM,2020,100
Azerbaijan,AZE,1990,100
Azerbaijan,AZE,1991,100
Azerbaijan,AZE,1992,100
Azerbaijan,AZE,1993,100
Azerbaijan,AZE,1994,100
Azerbaijan,AZE,1995,100
Azerbaijan,AZE,1996,100
Azerbaijan,AZE,1997,100
Azerbaijan,AZE,1998,100
Azerbaijan,AZE,1999,100
Azerbaijan,AZE,2000,100
Azerbaijan,AZE,2001,100
Azerbaijan,AZE,2002,100
Azerbaijan,AZE,2003,100
Azerbaijan,AZE,2004,100
Azerbaijan,AZE,2005,200
Azerbaijan,AZE,2006,200
Azerbaijan,AZE,2007,200
Azerbaijan,AZE,2008,200
Azerbaijan,AZE,2009,200
Azerbaijan,AZE,2010,200
Azerbaijan,AZE,2011,200
Azerbaijan,AZE,2012,200
Azerbaijan,AZE,2013,200
Azerbaijan,AZE,2014,200
Azerbaijan,AZE,2015,200
Azerbaijan,AZE,2016,200
Azerbaijan,AZE,2017,200
Azerbaijan,AZE,2018,200
Azerbaijan,AZE,2019,200
Azerbaijan,AZE,2020,200
Benin,BEN,1990,2300
Benin,BEN,1991,3000
Benin,BEN,1992,3700
Benin,BEN,1993,4500
Benin,BEN,1994,5300
Benin,BEN,1995,6100
Benin,BEN,1996,7000
Benin,BEN,1997,7800
Benin,BEN,1998,8700
Benin,BEN,1999,9400
Benin,BEN,2000,10000
Benin,BEN,2001,11000
Benin,BEN,2002,11000
Benin,BEN,2003,12000
Benin,BEN,2004,12000
Benin,BEN,2005,13000
Benin,BEN,2006,13000
Benin,BEN,2007,13000
Benin,BEN,2008,13000
Benin,BEN,2009,13000
Benin,BEN,2010,13000
Benin,BEN,2011,13000
Benin,BEN,2012,13000
Benin,BEN,2013,12000
Benin,BEN,2014,12000
Benin,BEN,2015,12000
Benin,BEN,2016,11000
Benin,BEN,2017,11000
Benin,BEN,2018,10000
Benin,BEN,2019,9500
Benin,BEN,2020,8900
Bolivia,BOL,1990,100
Bolivia,BOL,1991,100
Bolivia,BOL,1992,100
Bolivia,BOL,1993,200
Bolivia,BOL,1994,200
Bolivia,BOL,1995,200
Bolivia,BOL,1996,500
Bolivia,BOL,1997,500
Bolivia,BOL,1998,500
Bolivia,BOL,1999,500
Bolivia,BOL,2000,500
Bolivia,BOL,2001,510
Bolivia,BOL,2002,560
Bolivia,BOL,2003,600
Bolivia,BOL,2004,630
Bolivia,BOL,2005,670
Bolivia,BOL,2006,690
Bolivia,BOL,2007,710
Bolivia,BOL,2008,730
Bolivia,BOL,2009,720
Bolivia,BOL,2010,700
Bolivia,BOL,2011,690
Bolivia,BOL,2012,660
Bolivia,BOL,2013,640
Bolivia,BOL,2014,620
Bolivia,BOL,2015,590
Bolivia,BOL,2016,570
Bolivia,BOL,2017,540
Bolivia,BOL,2018,520
Bolivia,BOL,2019,500
Bolivia,BOL,2020,500
Botswana,BWA,1990,1800
Botswana,BWA,1991,2800
Botswana,BWA,1992,4000
Botswana,BWA,1993,5600
Botswana,BWA,1994,7300
Botswana,BWA,1995,9200
Botswana,BWA,1996,11000
Botswana,BWA,1997,14000
Botswana,BWA,1998,16000
Botswana,BWA,1999,18000
Botswana,BWA,2000,20000
Botswana,BWA,2001,21000
Botswana,BWA,2002,22000
Botswana,BWA,2003,23000
Botswana,BWA,2004,23000
Botswana,BWA,2005,22000
Botswana,BWA,2006,22000
Botswana,BWA,2007,21000
Botswana,BWA,2008,20000
Botswana,BWA,2009,19000
Botswana,BWA,2010,18000
Botswana,BWA,2011,18000
Botswana,BWA,2012,16000
Botswana,BWA,2013,15000
Botswana,BWA,2014,14000
Botswana,BWA,2015,13000
Botswana,BWA,2016,12000
Botswana,BWA,2017,11000
Botswana,BWA,2018,9300
Botswana,BWA,2019,8300
Botswana,BWA,2020,7500
Burkina Faso,BFA,1990,19000
Burkina Faso,BFA,1991,23000
Burkina Faso,BFA,1992,27000
Burkina Faso,BFA,1993,30000
Burkina Faso,BFA,1994,34000
Burkina Faso,BFA,1995,37000
Burkina Faso,BFA,1996,40000
Burkina Faso,BFA,1997,42000
Burkina Faso,BFA,1998,44000
Burkina Faso,BFA,1999,45000
Burkina Faso,BFA,2000,46000
Burkina Faso,BFA,2001,47000
Burkina Faso,BFA,2002,47000
Burkina Faso,BFA,2003,46000
Burkina Faso,BFA,2004,45000
Burkina Faso,BFA,2005,44000
Burkina Faso,BFA,2006,42000
Burkina Faso,BFA,2007,40000
Burkina Faso,BFA,2008,39000
Burkina Faso,BFA,2009,37000
Burkina Faso,BFA,2010,35000
Burkina Faso,BFA,2011,33000
Burkina Faso,BFA,2012,31000
Burkina Faso,BFA,2013,30000
Burkina Faso,BFA,2014,28000
Burkina Faso,BFA,2015,25000
Burkina Faso,BFA,2016,23000
Burkina Faso,BFA,2017,21000
Burkina Faso,BFA,2018,19000
Burkina Faso,BFA,2019,17000
Burkina Faso,BFA,2020,16000
Burundi,BDI,1990,13000
Burundi,BDI,1991,16000
Burundi,BDI,1992,19000
Burundi,BDI,1993,21000
Burundi,BDI,1994,24000
Burundi,BDI,1995,26000
Burundi,BDI,1996,27000
Burundi,BDI,1997,29000
Burundi,BDI,1998,30000
Burundi,BDI,1999,31000
Burundi,BDI,2000,31000
Burundi,BDI,2001,31000
Burundi,BDI,2002,31000
Burundi,BDI,2003,30000
Burundi,BDI,2004,29000
Burundi,BDI,2005,28000
Burundi,BDI,2006,26000
Burundi,BDI,2007,25000
Burundi,BDI,2008,23000
Burundi,BDI,2009,22000
Burundi,BDI,2010,20000
Burundi,BDI,2011,19000
Burundi,BDI,2012,18000
Burundi,BDI,2013,16000
Burundi,BDI,2014,15000
Burundi,BDI,2015,14000
Burundi,BDI,2016,13000
Burundi,BDI,2017,12000
Burundi,BDI,2018,11000
Burundi,BDI,2019,10000
Burundi,BDI,2020,9700
Cambodia,KHM,1990,100
Cambodia,KHM,1991,100
Cambodia,KHM,1992,200
Cambodia,KHM,1993,500
Cambodia,KHM,1994,670
Cambodia,KHM,1995,1100
Cambodia,KHM,1996,1700
Cambodia,KHM,1997,2400
Cambodia,KHM,1998,3000
Cambodia,KHM,1999,3600
Cambodia,KHM,2000,4100
Cambodia,KHM,2001,4500
Cambodia,KHM,2002,4900
Cambodia,KHM,2003,5300
Cambodia,KHM,2004,5600
Cambodia,KHM,2005,5900
Cambodia,KHM,2006,6000
Cambodia,KHM,2007,6100
Cambodia,KHM,2008,6100
Cambodia,KHM,2009,6100
Cambodia,KHM,2010,6000
Cambodia,KHM,2011,5800
Cambodia,KHM,2012,5600
Cambodia,KHM,2013,5300
Cambodia,KHM,2014,4900
Cambodia,KHM,2015,4500
Cambodia,KHM,2016,4200
Cambodia,KHM,2017,3800
Cambodia,KHM,2018,3500
Cambodia,KHM,2019,3100
Cambodia,KHM,2020,2800
Cameroon,CMR,1990,3400
Cameroon,CMR,1991,4700
Cameroon,CMR,1992,6400
Cameroon,CMR,1993,8500
Cameroon,CMR,1994,11000
Cameroon,CMR,1995,14000
Cameroon,CMR,1996,17000
Cameroon,CMR,1997,21000
Cameroon,CMR,1998,25000
Cameroon,CMR,1999,29000
Cameroon,CMR,2000,33000
Cameroon,CMR,2001,37000
Cameroon,CMR,2002,41000
Cameroon,CMR,2003,44000
Cameroon,CMR,2004,47000
Cameroon,CMR,2005,50000
Cameroon,CMR,2006,53000
Cameroon,CMR,2007,54000
Cameroon,CMR,2008,56000
Cameroon,CMR,2009,56000
Cameroon,CMR,2010,56000
Cameroon,CMR,2011,54000
Cameroon,CMR,2012,53000
Cameroon,CMR,2013,50000
Cameroon,CMR,2014,48000
Cameroon,CMR,2015,45000
Cameroon,CMR,2016,43000
Cameroon,CMR,2017,40000
Cameroon,CMR,2018,38000
Cameroon,CMR,2019,37000
Cameroon,CMR,2020,35000
Central African Republic,CAF,1990,2700
Central African Republic,CAF,1991,3800
Central African Republic,CAF,1992,4900
Central African Republic,CAF,1993,6100
Central African Republic,CAF,1994,7200
Central African Republic,CAF,1995,8400
Central African Republic,CAF,1996,9500
Central African Republic,CAF,1997,11000
Central African Republic,CAF,1998,12000
Central African Republic,CAF,1999,12000
Central African Republic,CAF,2000,13000
Central African Republic,CAF,2001,14000
Central African Republic,CAF,2002,15000
Central African Republic,CAF,2003,15000
Central African Republic,CAF,2004,15000
Central African Republic,CAF,2005,15000
Central African Republic,CAF,2006,15000
Central African Republic,CAF,2007,15000
Central African Republic,CAF,2008,14000
Central African Republic,CAF,2009,13000
Central African Republic,CAF,2010,13000
Central African Republic,CAF,2011,12000
Central African Republic,CAF,2012,11000
Central African Republic,CAF,2013,11000
Central African Republic,CAF,2014,9800
Central African Republic,CAF,2015,8900
Central African Republic,CAF,2016,8100
Central African Republic,CAF,2017,7600
Central African Republic,CAF,2018,7000
Central African Republic,CAF,2019,6300
Central African Republic,CAF,2020,5800
Chad,TCD,1990,2600
Chad,TCD,1991,3500
Chad,TCD,1992,4500
Chad,TCD,1993,5600
Chad,TCD,1994,6700
Chad,TCD,1995,7900
Chad,TCD,1996,9100
Chad,TCD,1997,10000
Chad,TCD,1998,12000
Chad,TCD,1999,13000
Chad,TCD,2000,14000
Chad,TCD,2001,15000
Chad,TCD,2002,16000
Chad,TCD,2003,17000
Chad,TCD,2004,17000
Chad,TCD,2005,18000
Chad,TCD,2006,18000
Chad,TCD,2007,18000
Chad,TCD,2008,18000
Chad,TCD,2009,18000
Chad,TCD,2010,17000
Chad,TCD,2011,17000
Chad,TCD,2012,17000
Chad,TCD,2013,16000
Chad,TCD,2014,15000
Chad,TCD,2015,14000
Chad,TCD,2016,14000
Chad,TCD,2017,13000
Chad,TCD,2018,12000
Chad,TCD,2019,11000
Chad,TCD,2020,11000
Colombia,COL,1990,500
Colombia,COL,1991,550
Colombia,COL,1992,730
Colombia,COL,1993,930
Colombia,COL,1994,1200
Colombia,COL,1995,1400
Colombia,COL,1996,1600
Colombia,COL,1997,1800
Colombia,COL,1998,2000
Colombia,COL,1999,2200
Colombia,COL,2000,2400
Colombia,COL,2001,2500
Colombia,COL,2002,2600
Colombia,COL,2003,2700
Colombia,COL,2004,2700
Colombia,COL,2005,2700
Colombia,COL,2006,2700
Colombia,COL,2007,2700
Colombia,COL,2008,2600
Colombia,COL,2009,2500
Colombia,COL,2010,2400
Colombia,COL,2011,2300
Colombia,COL,2012,2200
Colombia,COL,2013,2100
Colombia,COL,2014,1900
Colombia,COL,2015,1800
Colombia,COL,2016,1800
Colombia,COL,2017,1700
Colombia,COL,2018,1600
Colombia,COL,2019,1500
Colombia,COL,2020,1400
Congo,COG,1990,3000
Congo,COG,1991,3700
Congo,COG,1992,4500
Congo,COG,1993,5200
Congo,COG,1994,5900
Congo,COG,1995,6600
Congo,COG,1996,7300
Congo,COG,1997,7900
Congo,COG,1998,8500
Congo,COG,1999,9100
Congo,COG,2000,9600
Congo,COG,2001,9900
Congo,COG,2002,10000
Congo,COG,2003,10000
Congo,COG,2004,10000
Congo,COG,2005,10000
Congo,COG,2006,11000
Congo,COG,2007,10000
Congo,COG,2008,10000
Congo,COG,2009,10000
Congo,COG,2010,10000
Congo,COG,2011,10000
Congo,COG,2012,10000
Congo,COG,2013,9900
Congo,COG,2014,9900
Congo,COG,2015,9900
Congo,COG,2016,10000
Congo,COG,2017,10000
Congo,COG,2018,10000
Congo,COG,2019,10000
Congo,COG,2020,11000
Costa Rica,CRI,1990,100
Costa Rica,CRI,1991,100
Costa Rica,CRI,1992,100
Costa Rica,CRI,1993,100
Costa Rica,CRI,1994,100
Costa Rica,CRI,1995,100
Costa Rica,CRI,1996,100
Costa Rica,CRI,1997,100
Costa Rica,CRI,1998,200
Costa Rica,CRI,1999,200
Costa Rica,CRI,2000,200
Costa Rica,CRI,2001,200
Costa Rica,CRI,2002,200
Costa Rica,CRI,2003,200
Costa Rica,CRI,2004,200
Costa Rica,CRI,2005,200
Costa Rica,CRI,2006,200
Costa Rica,CRI,2007,200
Costa Rica,CRI,2008,200
Costa Rica,CRI,2009,200
Costa Rica,CRI,2010,200
Costa Rica,CRI,2011,200
Costa Rica,CRI,2012,200
Costa Rica,CRI,2013,200
Costa Rica,CRI,2014,200
Costa Rica,CRI,2015,200
Costa Rica,CRI,2016,500
Costa Rica,CRI,2017,500
Costa Rica,CRI,2018,500
Costa Rica,CRI,2019,500
Costa Rica,CRI,2020,500
Cote d'Ivoire,CIV,1990,16000
Cote d'Ivoire,CIV,1991,21000
Cote d'Ivoire,CIV,1992,26000
Cote d'Ivoire,CIV,1993,32000
Cote d'Ivoire,CIV,1994,39000
Cote d'Ivoire,CIV,1995,45000
Cote d'Ivoire,CIV,1996,51000
Cote d'Ivoire,CIV,1997,57000
Cote d'Ivoire,CIV,1998,62000
Cote d'Ivoire,CIV,1999,66000
Cote d'Ivoire,CIV,2000,70000
Cote d'Ivoire,CIV,2001,73000
Cote d'Ivoire,CIV,2002,75000
Cote d'Ivoire,CIV,2003,77000
Cote d'Ivoire,CIV,2004,77000
Cote d'Ivoire,CIV,2005,76000
Cote d'Ivoire,CIV,2006,75000
Cote d'Ivoire,CIV,2007,72000
Cote d'Ivoire,CIV,2008,68000
Cote d'Ivoire,CIV,2009,64000
Cote d'Ivoire,CIV,2010,60000
Cote d'Ivoire,CIV,2011,56000
Cote d'Ivoire,CIV,2012,51000
Cote d'Ivoire,CIV,2013,46000
Cote d'Ivoire,CIV,2014,41000
Cote d'Ivoire,CIV,2015,37000
Cote d'Ivoire,CIV,2016,33000
Cote d'Ivoire,CIV,2017,29000
Cote d'Ivoire,CIV,2018,26000
Cote d'Ivoire,CIV,2019,23000
Cote d'Ivoire,CIV,2020,21000
Cuba,CUB,1990,100
Cuba,CUB,1991,100
Cuba,CUB,1992,100
Cuba,CUB,1993,100
Cuba,CUB,1994,100
Cuba,CUB,1995,100
Cuba,CUB,1996,100
Cuba,CUB,1997,100
Cuba,CUB,1998,100
Cuba,CUB,1999,100
Cuba,CUB,2000,100
Cuba,CUB,2001,100
Cuba,CUB,2002,100
Cuba,CUB,2003,100
Cuba,CUB,2004,100
Cuba,CUB,2005,200
Cuba,CUB,2006,200
Cuba,CUB,2007,200
Cuba,CUB,2008,200
Cuba,CUB,2009,200
Cuba,CUB,2010,200
Cuba,CUB,2011,200
Cuba,CUB,2012,200
Cuba,CUB,2013,200
Cuba,CUB,2014,200
Cuba,CUB,2015,200
Cuba,CUB,2016,200
Cuba,CUB,2017,200
Cuba,CUB,2018,200
Cuba,CUB,2019,200
Cuba,CUB,2020,200
Democratic Republic of Congo,COD,1990,35000
Democratic Republic of Congo,COD,1991,41000
Democratic Republic of Congo,COD,1992,48000
Democratic Republic of Congo,COD,1993,55000
Democratic Republic of Congo,COD,1994,61000
Democratic Republic of Congo,COD,1995,68000
Democratic Republic of Congo,COD,1996,74000
Democratic Republic of Congo,COD,1997,80000
Democratic Republic of Congo,COD,1998,85000
Democratic Republic of Congo,COD,1999,89000
Democratic Republic of Congo,COD,2000,93000
Democratic Republic of Congo,COD,2001,96000
Democratic Republic of Congo,COD,2002,99000
Democratic Republic of Congo,COD,2003,100000
Democratic Republic of Congo,COD,2004,100000
Democratic Republic of Congo,COD,2005,100000
Democratic Republic of Congo,COD,2006,100000
Democratic Republic of Congo,COD,2007,100000
Democratic Republic of Congo,COD,2008,100000
Democratic Republic of Congo,COD,2009,100000
Democratic Republic of Congo,COD,2010,98000
Democratic Republic of Congo,COD,2011,95000
Democratic Republic of Congo,COD,2012,93000
Democratic Republic of Congo,COD,2013,90000
Democratic Republic of Congo,COD,2014,86000
Democratic Republic of Congo,COD,2015,82000
Democratic Republic of Congo,COD,2016,80000
Democratic Republic of Congo,COD,2017,78000
Democratic Republic of Congo,COD,2018,76000
Democratic Republic of Congo,COD,2019,74000
Democratic Republic of Congo,COD,2020,71000
Djibouti,DJI,1990,100
Djibouti,DJI,1991,100
Djibouti,DJI,1992,100
Djibouti,DJI,1993,200
Djibouti,DJI,1994,500
Djibouti,DJI,1995,500
Djibouti,DJI,1996,500
Djibouti,DJI,1997,670
Djibouti,DJI,1998,870
Djibouti,DJI,1999,1000
Djibouti,DJI,2000,1200
Djibouti,DJI,2001,1300
Djibouti,DJI,2002,1500
Djibouti,DJI,2003,1500
Djibouti,DJI,2004,1600
Djibouti,DJI,2005,1700
Djibouti,DJI,2006,1700
Djibouti,DJI,2007,1700
Djibouti,DJI,2008,1700
Djibouti,DJI,2009,1700
Djibouti,DJI,2010,1600
Djibouti,DJI,2011,1500
Djibouti,DJI,2012,1400
Djibouti,DJI,2013,1300
Djibouti,DJI,2014,1200
Djibouti,DJI,2015,1100
Djibouti,DJI,2016,940
Djibouti,DJI,2017,840
Djibouti,DJI,2018,750
Djibouti,DJI,2019,670
Djibouti,DJI,2020,600
Dominican Republic,DOM,1990,500
Dominican Republic,DOM,1991,590
Dominican Republic,DOM,1992,800
Dominican Republic,DOM,1993,1000
Dominican Republic,DOM,1994,1300
Dominican Republic,DOM,1995,1500
Dominican Republic,DOM,1996,1800
Dominican Republic,DOM,1997,2000
Dominican Republic,DOM,1998,2200
Dominican Republic,DOM,1999,2400
Dominican Republic,DOM,2000,2600
Dominican Republic,DOM,2001,2700
Dominican Republic,DOM,2002,2800
Dominican Republic,DOM,2003,2800
Dominican Republic,DOM,2004,2800
Dominican Republic,DOM,2005,2700
Dominican Republic,DOM,2006,2600
Dominican Republic,DOM,2007,2400
Dominican Republic,DOM,2008,2300
Dominican Republic,DOM,2009,2200
Dominican Republic,DOM,2010,2000
Dominican Republic,DOM,2011,1900
Dominican Republic,DOM,2012,1800
Dominican Republic,DOM,2013,1700
Dominican Republic,DOM,2014,1700
Dominican Republic,DOM,2015,1600
Dominican Republic,DOM,2016,1500
Dominican Republic,DOM,2017,1400
Dominican Republic,DOM,2018,1400
Dominican Republic,DOM,2019,1300
Dominican Republic,DOM,2020,1400
Ecuador,ECU,1990,100
Ecuador,ECU,1991,100
Ecuador,ECU,1992,200
Ecuador,ECU,1993,200
Ecuador,ECU,1994,200
Ecuador,ECU,1995,500
Ecuador,ECU,1996,500
Ecuador,ECU,1997,500
Ecuador,ECU,1998,500
Ecuador,ECU,1999,500
Ecuador,ECU,2000,510
Ecuador,ECU,2001,570
Ecuador,ECU,2002,630
Ecuador,ECU,2003,690
Ecuador,ECU,2004,740
Ecuador,ECU,2005,790
Ecuador,ECU,2006,840
Ecuador,ECU,2007,880
Ecuador,ECU,2008,880
Ecuador,ECU,2009,900
Ecuador,ECU,2010,920
Ecuador,ECU,2011,930
Ecuador,ECU,2012,930
Ecuador,ECU,2013,920
Ecuador,ECU,2014,920
Ecuador,ECU,2015,930
Ecuador,ECU,2016,940
Ecuador,ECU,2017,960
Ecuador,ECU,2018,970
Ecuador,ECU,2019,950
Ecuador,ECU,2020,930
Egypt,EGY,1990,100
Egypt,EGY,1991,100
Egypt,EGY,1992,100
Egypt,EGY,1993,100
Egypt,EGY,1994,100
Egypt,EGY,1995,100
Egypt,EGY,1996,100
Egypt,EGY,1997,100
Egypt,EGY,1998,100
Egypt,EGY,1999,100
Egypt,EGY,2000,100
Egypt,EGY,2001,100
Egypt,EGY,2002,100
Egypt,EGY,2003,100
Egypt,EGY,2004,100
Egypt,EGY,2005,100
Egypt,EGY,2006,100
Egypt,EGY,2007,100
Egypt,EGY,2008,100
Egypt,EGY,2009,100
Egypt,EGY,2010,100
Egypt,EGY,2011,100
Egypt,EGY,2012,200
Egypt,EGY,2013,200
Egypt,EGY,2014,200
Egypt,EGY,2015,200
Egypt,EGY,2016,500
Egypt,EGY,2017,500
Egypt,EGY,2018,500
Egypt,EGY,2019,500
Egypt,EGY,2020,500
El Salvador,SLV,1990,100
El Salvador,SLV,1991,100
El Salvador,SLV,1992,100
El Salvador,SLV,1993,100
El Salvador,SLV,1994,200
El Salvador,SLV,1995,200
El Salvador,SLV,1996,500
El Salvador,SLV,1997,500
El Salvador,SLV,1998,500
El Salvador,SLV,1999,500
El Salvador,SLV,2000,500
El Salvador,SLV,2001,500
El Salvador,SLV,2002,500
El Salvador,SLV,2003,500
El Salvador,SLV,2004,500
El Salvador,SLV,2005,500
El Salvador,SLV,2006,510
El Salvador,SLV,2007,540
El Salvador,SLV,2008,550
El Salvador,SLV,2009,570
El Salvador,SLV,2010,590
El Salvador,SLV,2011,600
El Salvador,SLV,2012,600
El Salvador,SLV,2013,600
El Salvador,SLV,2014,590
El Salvador,SLV,2015,580
El Salvador,SLV,2016,570
El Salvador,SLV,2017,560
El Salvador,SLV,2018,550
El Salvador,SLV,2019,540
El Salvador,SLV,2020,530
Equatorial Guinea,GNQ,1990,100
Equatorial Guinea,GNQ,1991,200
Equatorial Guinea,GNQ,1992,200
Equatorial Guinea,GNQ,1993,500
Equatorial Guinea,GNQ,1994,500
Equatorial Guinea,GNQ,1995,500
Equatorial Guinea,GNQ,1996,500
Equatorial Guinea,GNQ,1997,500
Equatorial Guinea,GNQ,1998,550
Equatorial Guinea,GNQ,1999,650
Equatorial Guinea,GNQ,2000,760
Equatorial Guinea,GNQ,2001,880
Equatorial Guinea,GNQ,2002,1000
Equatorial Guinea,GNQ,2003,1100
Equatorial Guinea,GNQ,2004,1300
Equatorial Guinea,GNQ,2005,1400
Equatorial Guinea,GNQ,2006,1500
Equatorial Guinea,GNQ,2007,1700
Equatorial Guinea,GNQ,2008,1800
Equatorial Guinea,GNQ,2009,2000
Equatorial Guinea,GNQ,2010,2200
Equatorial Guinea,GNQ,2011,2400
Equatorial Guinea,GNQ,2012,2500
Equatorial Guinea,GNQ,2013,2600
Equatorial Guinea,GNQ,2014,2600
Equatorial Guinea,GNQ,2015,2800
Equatorial Guinea,GNQ,2016,2900
Equatorial Guinea,GNQ,2017,3000
Equatorial Guinea,GNQ,2018,3100
Equatorial Guinea,GNQ,2019,3300
Equatorial Guinea,GNQ,2020,3500
Eritrea,ERI,1990,670
Eritrea,ERI,1991,840
Eritrea,ERI,1992,1000
Eritrea,ERI,1993,1200
Eritrea,ERI,1994,1300
Eritrea,ERI,1995,1400
Eritrea,ERI,1996,1500
Eritrea,ERI,1997,1600
Eritrea,ERI,1998,1700
Eritrea,ERI,1999,1800
Eritrea,ERI,2000,1800
Eritrea,ERI,2001,1900
Eritrea,ERI,2002,1900
Eritrea,ERI,2003,1900
Eritrea,ERI,2004,2000
Eritrea,ERI,2005,1900
Eritrea,ERI,2006,1900
Eritrea,ERI,2007,1800
Eritrea,ERI,2008,1700
Eritrea,ERI,2009,1600
Eritrea,ERI,2010,1600
Eritrea,ERI,2011,1500
Eritrea,ERI,2012,1400
Eritrea,ERI,2013,1300
Eritrea,ERI,2014,1200
Eritrea,ERI,2015,1100
Eritrea,ERI,2016,1000
Eritrea,ERI,2017,930
Eritrea,ERI,2018,850
Eritrea,ERI,2019,770
Eritrea,ERI,2020,710
Eswatini,SWZ,1990,200
Eswatini,SWZ,1991,500
Eswatini,SWZ,1992,810
Eswatini,SWZ,1993,1400
Eswatini,SWZ,1994,2300
Eswatini,SWZ,1995,3300
Eswatini,SWZ,1996,4400
Eswatini,SWZ,1997,5600
Eswatini,SWZ,1998,6800
Eswatini,SWZ,1999,8000
Eswatini,SWZ,2000,9200
Eswatini,SWZ,2001,10000
Eswatini,SWZ,2002,11000
Eswatini,SWZ,2003,13000
Eswatini,SWZ,2004,14000
Eswatini,SWZ,2005,15000
Eswatini,SWZ,2006,15000
Eswatini,SWZ,2007,16000
Eswatini,SWZ,2008,16000
Eswatini,SWZ,2009,16000
Eswatini,SWZ,2010,16000
Eswatini,SWZ,2011,15000
Eswatini,SWZ,2012,14000
Eswatini,SWZ,2013,14000
Eswatini,SWZ,2014,14000
Eswatini,SWZ,2015,13000
Eswatini,SWZ,2016,12000
Eswatini,SWZ,2017,11000
Eswatini,SWZ,2018,11000
Eswatini,SWZ,2019,9600
Eswatini,SWZ,2020,8700
Ethiopia,ETH,1990,32000
Ethiopia,ETH,1991,41000
Ethiopia,ETH,1992,52000
Ethiopia,ETH,1993,63000
Ethiopia,ETH,1994,74000
Ethiopia,ETH,1995,85000
Ethiopia,ETH,1996,95000
Ethiopia,ETH,1997,100000
Ethiopia,ETH,1998,110000
Ethiopia,ETH,1999,120000
Ethiopia,ETH,2000,130000
Ethiopia,ETH,2001,130000
Ethiopia,ETH,2002,130000
Ethiopia,ETH,2003,130000
Ethiopia,ETH,2004,130000
Ethiopia,ETH,2005,130000
Ethiopia,ETH,2006,120000
Ethiopia,ETH,2007,120000
Ethiopia,ETH,2008,110000
Ethiopia,ETH,2009,100000
Ethiopia,ETH,2010,97000
Ethiopia,ETH,2011,90000
Ethiopia,ETH,2012,83000
Ethiopia,ETH,2013,76000
Ethiopia,ETH,2014,70000
Ethiopia,ETH,2015,65000
Ethiopia,ETH,2016,60000
Ethiopia,ETH,2017,56000
Ethiopia,ETH,2018,52000
Ethiopia,ETH,2019,48000
Ethiopia,ETH,2020,44000
Gabon,GAB,1990,500
Gabon,GAB,1991,500
Gabon,GAB,1992,550
Gabon,GAB,1993,730
Gabon,GAB,1994,940
Gabon,GAB,1995,1200
Gabon,GAB,1996,1500
Gabon,GAB,1997,1800
Gabon,GAB,1998,2100
Gabon,GAB,1999,2400
Gabon,GAB,2000,2600
Gabon,GAB,2001,2900
Gabon,GAB,2002,3100
Gabon,GAB,2003,3300
Gabon,GAB,2004,3500
Gabon,GAB,2005,3700
Gabon,GAB,2006,3800
Gabon,GAB,2007,3800
Gabon,GAB,2008,3900
Gabon,GAB,2009,3900
Gabon,GAB,2010,3900
Gabon,GAB,2011,3800
Gabon,GAB,2012,3700
Gabon,GAB,2013,3600
Gabon,GAB,2014,3500
Gabon,GAB,2015,3400
Gabon,GAB,2016,3300
Gabon,GAB,2017,3300
Gabon,GAB,2018,3200
Gabon,GAB,2019,3100
Gabon,GAB,2020,2900
Gambia,GMB,1990,100
Gambia,GMB,1991,100
Gambia,GMB,1992,200
Gambia,GMB,1993,200
Gambia,GMB,1994,500
Gambia,GMB,1995,500
Gambia,GMB,1996,500
Gambia,GMB,1997,530
Gambia,GMB,1998,670
Gambia,GMB,1999,820
Gambia,GMB,2000,990
Gambia,GMB,2001,1200
Gambia,GMB,2002,1300
Gambia,GMB,2003,1500
Gambia,GMB,2004,1700
Gambia,GMB,2005,1800
Gambia,GMB,2006,2000
Gambia,GMB,2007,2100
Gambia,GMB,2008,2200
Gambia,GMB,2009,2300
Gambia,GMB,2010,2300
Gambia,GMB,2011,2300
Gambia,GMB,2012,2200
Gambia,GMB,2013,2300
Gambia,GMB,2014,2300
Gambia,GMB,2015,2200
Gambia,GMB,2016,2200
Gambia,GMB,2017,2200
Gambia,GMB,2018,2200
Gambia,GMB,2019,2200
Gambia,GMB,2020,2200
Georgia,GEO,1990,100
Georgia,GEO,1991,100
Georgia,GEO,1992,100
Georgia,GEO,1993,100
Georgia,GEO,1994,100
Georgia,GEO,1995,100
Georgia,GEO,1996,100
Georgia,GEO,1997,100
Georgia,GEO,1998,100
Georgia,GEO,1999,100
Georgia,GEO,2000,100
Georgia,GEO,2001,100
Georgia,GEO,2002,100
Georgia,GEO,2003,100
Georgia,GEO,2004,100
Georgia,GEO,2005,100
Georgia,GEO,2006,100
Georgia,GEO,2007,100
Georgia,GEO,2008,100
Georgia,GEO,2009,100
Georgia,GEO,2010,100
Georgia,GEO,2011,100
Georgia,GEO,2012,100
Georgia,GEO,2013,100
Georgia,GEO,2014,100
Georgia,GEO,2015,100
Georgia,GEO,2016,100
Georgia,GEO,2017,100
Georgia,GEO,2018,100
Georgia,GEO,2019,100
Georgia,GEO,2020,100
Ghana,GHA,1990,8500
Ghana,GHA,1991,11000
Ghana,GHA,1992,14000
Ghana,GHA,1993,17000
Ghana,GHA,1994,20000
Ghana,GHA,1995,23000
Ghana,GHA,1996,26000
Ghana,GHA,1997,29000
Ghana,GHA,1998,32000
Ghana,GHA,1999,34000
Ghana,GHA,2000,37000
Ghana,GHA,2001,39000
Ghana,GHA,2002,41000
Ghana,GHA,2003,42000
Ghana,GHA,2004,44000
Ghana,GHA,2005,44000
Ghana,GHA,2006,45000
Ghana,GHA,2007,44000
Ghana,GHA,2008,43000
Ghana,GHA,2009,43000
Ghana,GHA,2010,42000
Ghana,GHA,2011,40000
Ghana,GHA,2012,38000
Ghana,GHA,2013,37000
Ghana,GHA,2014,36000
Ghana,GHA,2015,35000
Ghana,GHA,2016,34000
Ghana,GHA,2017,33000
Ghana,GHA,2018,31000
Ghana,GHA,2019,30000
Ghana,GHA,2020,29000
Guatemala,GTM,1990,100
Guatemala,GTM,1991,200
Guatemala,GTM,1992,200
Guatemala,GTM,1993,500
Guatemala,GTM,1994,500
Guatemala,GTM,1995,540
Guatemala,GTM,1996,730
Guatemala,GTM,1997,930
Guatemala,GTM,1998,1200
Guatemala,GTM,1999,1400
Guatemala,GTM,2000,1700
Guatemala,GTM,2001,2000
Guatemala,GTM,2002,2300
Guatemala,GTM,2003,2500
Guatemala,GTM,2004,2800
Guatemala,GTM,2005,3100
Guatemala,GTM,2006,3200
Guatemala,GTM,2007,3300
Guatemala,GTM,2008,3400
Guatemala,GTM,2009,3500
Guatemala,GTM,2010,3500
Guatemala,GTM,2011,3600
Guatemala,GTM,2012,3600
Guatemala,GTM,2013,3600
Guatemala,GTM,2014,3500
Guatemala,GTM,2015,3500
Guatemala,GTM,2016,3300
Guatemala,GTM,2017,3200
Guatemala,GTM,2018,3000
Guatemala,GTM,2019,2900
Guatemala,GTM,2020,2700
Guinea,GIN,1990,1400
Guinea,GIN,1991,1900
Guinea,GIN,1992,2400
Guinea,GIN,1993,2900
Guinea,GIN,1994,3600
Guinea,GIN,1995,4300
Guinea,GIN,1996,5000
Guinea,GIN,1997,5800
Guinea,GIN,1998,6600
Guinea,GIN,1999,7300
Guinea,GIN,2000,8100
Guinea,GIN,2001,8800
Guinea,GIN,2002,9400
Guinea,GIN,2003,10000
Guinea,GIN,2004,10000
Guinea,GIN,2005,11000
Guinea,GIN,2006,11000
Guinea,GIN,2007,11000
Guinea,GIN,2008,12000
Guinea,GIN,2009,12000
Guinea,GIN,2010,12000
Guinea,GIN,2011,12000
Guinea,GIN,2012,11000
Guinea,GIN,2013,11000
Guinea,GIN,2014,11000
Guinea,GIN,2015,11000
Guinea,GIN,2016,11000
Guinea,GIN,2017,11000
Guinea,GIN,2018,10000
Guinea,GIN,2019,10000
Guinea,GIN,2020,9700
Guinea-Bissau,GNB,1990,100
Guinea-Bissau,GNB,1991,200
Guinea-Bissau,GNB,1992,500
Guinea-Bissau,GNB,1993,500
Guinea-Bissau,GNB,1994,500
Guinea-Bissau,GNB,1995,600
Guinea-Bissau,GNB,1996,820
Guinea-Bissau,GNB,1997,1100
Guinea-Bissau,GNB,1998,1400
Guinea-Bissau,GNB,1999,1700
Guinea-Bissau,GNB,2000,2000
Guinea-Bissau,GNB,2001,2400
Guinea-Bissau,GNB,2002,2700
Guinea-Bissau,GNB,2003,3000
Guinea-Bissau,GNB,2004,3300
Guinea-Bissau,GNB,2005,3600
Guinea-Bissau,GNB,2006,3900
Guinea-Bissau,GNB,2007,4100
Guinea-Bissau,GNB,2008,4300
Guinea-Bissau,GNB,2009,4500
Guinea-Bissau,GNB,2010,4600
Guinea-Bissau,GNB,2011,4600
Guinea-Bissau,GNB,2012,4600
Guinea-Bissau,GNB,2013,4500
Guinea-Bissau,GNB,2014,4200
Guinea-Bissau,GNB,2015,4000
Guinea-Bissau,GNB,2016,3900
Guinea-Bissau,GNB,2017,3800
Guinea-Bissau,GNB,2018,3800
Guinea-Bissau,GNB,2019,3600
Guinea-Bissau,GNB,2020,3500
Guyana,GUY,1990,100
Guyana,GUY,1991,100
Guyana,GUY,1992,100
Guyana,GUY,1993,100
Guyana,GUY,1994,100
Guyana,GUY,1995,100
Guyana,GUY,1996,100
Guyana,GUY,1997,100
Guyana,GUY,1998,100
Guyana,GUY,1999,100
Guyana,GUY,2000,200
Guyana,GUY,2001,200
Guyana,GUY,2002,200
Guyana,GUY,2003,500
Guyana,GUY,2004,500
Guyana,GUY,2005,500
Guyana,GUY,2006,500
Guyana,GUY,2007,500
Guyana,GUY,2008,500
Guyana,GUY,2009,500
Guyana,GUY,2010,500
Guyana,GUY,2011,500
Guyana,GUY,2012,500
Guyana,GUY,2013,500
Guyana,GUY,2014,500
Guyana,GUY,2015,500
Guyana,GUY,2016,500
Guyana,GUY,2017,500
Guyana,GUY,2018,500
Guyana,GUY,2019,500
Guyana,GUY,2020,500
Haiti,HTI,1990,4500
Haiti,HTI,1991,5600
Haiti,HTI,1992,6700
Haiti,HTI,1993,7800
Haiti,HTI,1994,8900
Haiti,HTI,1995,9900
Haiti,HTI,1996,11000
Haiti,HTI,1997,12000
Haiti,HTI,1998,13000
Haiti,HTI,1999,13000
Haiti,HTI,2000,14000
Haiti,HTI,2001,14000
Haiti,HTI,2002,15000
Haiti,HTI,2003,15000
Haiti,HTI,2004,15000
Haiti,HTI,2005,15000
Haiti,HTI,2006,14000
Haiti,HTI,2007,14000
Haiti,HTI,2008,13000
Haiti,HTI,2009,13000
Haiti,HTI,2010,12000
Haiti,HTI,2011,12000
Haiti,HTI,2012,11000
Haiti,HTI,2013,10000
Haiti,HTI,2014,10000
Haiti,HTI,2015,9700
Haiti,HTI,2016,9300
Haiti,HTI,2017,9000
Haiti,HTI,2018,8600
Haiti,HTI,2019,8300
Haiti,HTI,2020,8000
Honduras,HND,1990,1100
Honduras,HND,1991,1400
Honduras,HND,1992,1700
Honduras,HND,1993,1900
Honduras,HND,1994,2200
Honduras,HND,1995,2500
Honduras,HND,1996,2700
Honduras,HND,1997,3000
Honduras,HND,1998,3100
Honduras,HND,1999,3300
Honduras,HND,2000,3400
Honduras,HND,2001,3400
Honduras,HND,2002,3400
Honduras,HND,2003,3300
Honduras,HND,2004,3200
Honduras,HND,2005,3000
Honduras,HND,2006,2900
Honduras,HND,2007,2700
Honduras,HND,2008,2500
Honduras,HND,2009,2300
Honduras,HND,2010,2200
Honduras,HND,2011,2000
Honduras,HND,2012,1800
Honduras,HND,2013,1600
Honduras,HND,2014,1500
Honduras,HND,2015,1300
Honduras,HND,2016,1200
Honduras,HND,2017,1100
Honduras,HND,2018,960
Honduras,HND,2019,880
Honduras,HND,2020,810
Indonesia,IDN,1990,100
Indonesia,IDN,1991,100
Indonesia,IDN,1992,100
Indonesia,IDN,1993,100
Indonesia,IDN,1994,100
Indonesia,IDN,1995,100
Indonesia,IDN,1996,100
Indonesia,IDN,1997,200
Indonesia,IDN,1998,200
Indonesia,IDN,1999,500
Indonesia,IDN,2000,500
Indonesia,IDN,2001,600
Indonesia,IDN,2002,920
Indonesia,IDN,2003,1400
Indonesia,IDN,2004,2000
Indonesia,IDN,2005,2700
Indonesia,IDN,2006,3600
Indonesia,IDN,2007,4500
Indonesia,IDN,2008,5600
Indonesia,IDN,2009,6700
Indonesia,IDN,2010,8000
Indonesia,IDN,2011,9300
Indonesia,IDN,2012,11000
Indonesia,IDN,2013,12000
Indonesia,IDN,2014,13000
Indonesia,IDN,2015,14000
Indonesia,IDN,2016,15000
Indonesia,IDN,2017,16000
Indonesia,IDN,2018,17000
Indonesia,IDN,2019,17000
Indonesia,IDN,2020,18000
Iran,IRN,1990,100
Iran,IRN,1991,100
Iran,IRN,1992,100
Iran,IRN,1993,100
Iran,IRN,1994,100
Iran,IRN,1995,200
Iran,IRN,1996,200
Iran,IRN,1997,200
Iran,IRN,1998,500
Iran,IRN,1999,500
Iran,IRN,2000,500
Iran,IRN,2001,500
Iran,IRN,2002,500
Iran,IRN,2003,500
Iran,IRN,2004,500
Iran,IRN,2005,500
Iran,IRN,2006,500
Iran,IRN,2007,530
Iran,IRN,2008,550
Iran,IRN,2009,580
Iran,IRN,2010,610
Iran,IRN,2011,630
Iran,IRN,2012,640
Iran,IRN,2013,650
Iran,IRN,2014,660
Iran,IRN,2015,680
Iran,IRN,2016,690
Iran,IRN,2017,710
Iran,IRN,2018,710
Iran,IRN,2019,730
Iran,IRN,2020,740
Jamaica,JAM,1990,500
Jamaica,JAM,1991,500
Jamaica,JAM,1992,500
Jamaica,JAM,1993,500
Jamaica,JAM,1994,500
Jamaica,JAM,1995,570
Jamaica,JAM,1996,640
Jamaica,JAM,1997,700
Jamaica,JAM,1998,770
Jamaica,JAM,1999,830
Jamaica,JAM,2000,880
Jamaica,JAM,2001,920
Jamaica,JAM,2002,960
Jamaica,JAM,2003,980
Jamaica,JAM,2004,1000
Jamaica,JAM,2005,960
Jamaica,JAM,2006,910
Jamaica,JAM,2007,850
Jamaica,JAM,2008,810
Jamaica,JAM,2009,800
Jamaica,JAM,2010,790
Jamaica,JAM,2011,790
Jamaica,JAM,2012,790
Jamaica,JAM,2013,760
Jamaica,JAM,2014,720
Jamaica,JAM,2015,670
Jamaica,JAM,2016,630
Jamaica,JAM,2017,600
Jamaica,JAM,2018,570
Jamaica,JAM,2019,540
Jamaica,JAM,2020,520
Kazakhstan,KAZ,1990,100
Kazakhstan,KAZ,1991,100
Kazakhstan,KAZ,1992,100
Kazakhstan,KAZ,1993,100
Kazakhstan,KAZ,1994,100
Kazakhstan,KAZ,1995,100
Kazakhstan,KAZ,1996,100
Kazakhstan,KAZ,1997,100
Kazakhstan,KAZ,1998,100
Kazakhstan,KAZ,1999,100
Kazakhstan,KAZ,2000,100
Kazakhstan,KAZ,2001,100
Kazakhstan,KAZ,2002,100
Kazakhstan,KAZ,2003,100
Kazakhstan,KAZ,2004,200
Kazakhstan,KAZ,2005,200
Kazakhstan,KAZ,2006,200
Kazakhstan,KAZ,2007,500
Kazakhstan,KAZ,2008,500
Kazakhstan,KAZ,2009,500
Kazakhstan,KAZ,2010,500
Kazakhstan,KAZ,2011,500
Kazakhstan,KAZ,2012,500
Kazakhstan,KAZ,2013,500
Kazakhstan,KAZ,2014,500
Kazakhstan,KAZ,2015,500
Kazakhstan,KAZ,2016,500
Kazakhstan,KAZ,2017,500
Kazakhstan,KAZ,2018,500
Kazakhstan,KAZ,2019,530
Kazakhstan,KAZ,2020,550
Kenya,KEN,1990,41000
Kenya,KEN,1991,55000
Kenya,KEN,1992,73000
Kenya,KEN,1993,91000
Kenya,KEN,1994,110000
Kenya,KEN,1995,130000
Kenya,KEN,1996,140000
Kenya,KEN,1997,160000
Kenya,KEN,1998,170000
Kenya,KEN,1999,190000
Kenya,KEN,2000,200000
Kenya,KEN,2001,210000
Kenya,KEN,2002,220000
Kenya,KEN,2003,220000
Kenya,KEN,2004,230000
Kenya,KEN,2005,230000
Kenya,KEN,2006,220000
Kenya,KEN,2007,220000
Kenya,KEN,2008,200000
Kenya,KEN,2009,190000
Kenya,KEN,2010,180000
Kenya,KEN,2011,170000
Kenya,KEN,2012,160000
Kenya,KEN,2013,150000
Kenya,KEN,2014,140000
Kenya,KEN,2015,130000
Kenya,KEN,2016,120000
Kenya,KEN,2017,110000
Kenya,KEN,2018,98000
Kenya,KEN,2019,90000
Kenya,KEN,2020,82000
Kyrgyzstan,KGZ,1990,100
Kyrgyzstan,KGZ,1991,100
Kyrgyzstan,KGZ,1992,100
Kyrgyzstan,KGZ,1993,100
Kyrgyzstan,KGZ,1994,100
Kyrgyzstan,KGZ,1995,100
Kyrgyzstan,KGZ,1996,100
Kyrgyzstan,KGZ,1997,100
Kyrgyzstan,KGZ,1998,100
Kyrgyzstan,KGZ,1999,100
Kyrgyzstan,KGZ,2000,100
Kyrgyzstan,KGZ,2001,100
Kyrgyzstan,KGZ,2002,100
Kyrgyzstan,KGZ,2003,100
Kyrgyzstan,KGZ,2004,100
Kyrgyzstan,KGZ,2005,100
Kyrgyzstan,KGZ,2006,100
Kyrgyzstan,KGZ,2007,100
Kyrgyzstan,KGZ,2008,100
Kyrgyzstan,KGZ,2009,100
Kyrgyzstan,KGZ,2010,200
Kyrgyzstan,KGZ,2011,200
Kyrgyzstan,KGZ,2012,500
Kyrgyzstan,KGZ,2013,500
Kyrgyzstan,KGZ,2014,500
Kyrgyzstan,KGZ,2015,500
Kyrgyzstan,KGZ,2016,500
Kyrgyzstan,KGZ,2017,500
Kyrgyzstan,KGZ,2018,500
Kyrgyzstan,KGZ,2019,500
Kyrgyzstan,KGZ,2020,500
Laos,LAO,1990,100
Laos,LAO,1991,100
Laos,LAO,1992,100
Laos,LAO,1993,100
Laos,LAO,1994,100
Laos,LAO,1995,100
Laos,LAO,1996,100
Laos,LAO,1997,100
Laos,LAO,1998,100
Laos,LAO,1999,100
Laos,LAO,2000,100
Laos,LAO,2001,100
Laos,LAO,2002,200
Laos,LAO,2003,200
Laos,LAO,2004,200
Laos,LAO,2005,200
Laos,LAO,2006,500
Laos,LAO,2007,500
Laos,LAO,2008,500
Laos,LAO,2009,500
Laos,LAO,2010,500
Laos,LAO,2011,500
Laos,LAO,2012,500
Laos,LAO,2013,500
Laos,LAO,2014,500
Laos,LAO,2015,500
Laos,LAO,2016,510
Laos,LAO,2017,520
Laos,LAO,2018,530
Laos,LAO,2019,540
Laos,LAO,2020,540
Lesotho,LSO,1990,730
Lesotho,LSO,1991,1200
Lesotho,LSO,1992,2000
Lesotho,LSO,1993,3000
Lesotho,LSO,1994,4400
Lesotho,LSO,1995,6000
Lesotho,LSO,1996,7700
Lesotho,LSO,1997,9500
Lesotho,LSO,1998,11000
Lesotho,LSO,1999,13000
Lesotho,LSO,2000,15000
Lesotho,LSO,2001,16000
Lesotho,LSO,2002,18000
Lesotho,LSO,2003,19000
Lesotho,LSO,2004,20000
Lesotho,LSO,2005,21000
Lesotho,LSO,2006,22000
Lesotho,LSO,2007,22000
Lesotho,LSO,2008,22000
Lesotho,LSO,2009,21000
Lesotho,LSO,2010,21000
Lesotho,LSO,2011,19000
Lesotho,LSO,2012,18000
Lesotho,LSO,2013,17000
Lesotho,LSO,2014,16000
Lesotho,LSO,2015,14000
Lesotho,LSO,2016,13000
Lesotho,LSO,2017,12000
Lesotho,LSO,2018,11000
Lesotho,LSO,2019,9900
Lesotho,LSO,2020,8700
Liberia,LBR,1990,1100
Liberia,LBR,1991,1400
Liberia,LBR,1992,1700
Liberia,LBR,1993,1900
Liberia,LBR,1994,2300
Liberia,LBR,1995,2600
Liberia,LBR,1996,3100
Liberia,LBR,1997,3600
Liberia,LBR,1998,4100
Liberia,LBR,1999,4500
Liberia,LBR,2000,4900
Liberia,LBR,2001,5200
Liberia,LBR,2002,5300
Liberia,LBR,2003,5400
Liberia,LBR,2004,5500
Liberia,LBR,2005,5600
Liberia,LBR,2006,5600
Liberia,LBR,2007,5600
Liberia,LBR,2008,5500
Liberia,LBR,2009,5400
Liberia,LBR,2010,5200
Liberia,LBR,2011,5000
Liberia,LBR,2012,4800
Liberia,LBR,2013,4600
Liberia,LBR,2014,4400
Liberia,LBR,2015,4100
Liberia,LBR,2016,3800
Liberia,LBR,2017,3500
Liberia,LBR,2018,3200
Liberia,LBR,2019,2900
Liberia,LBR,2020,2800
Libya,LBY,1990,100
Libya,LBY,1991,100
Libya,LBY,1992,100
Libya,LBY,1993,100
Libya,LBY,1994,100
Libya,LBY,1995,100
Libya,LBY,1996,100
Libya,LBY,1997,100
Libya,LBY,1998,100
Libya,LBY,1999,100
Libya,LBY,2000,100
Libya,LBY,2001,100
Libya,LBY,2002,100
Libya,LBY,2003,100
Libya,LBY,2004,100
Libya,LBY,2005,100
Libya,LBY,2006,200
Libya,LBY,2007,200
Libya,LBY,2008,200
Libya,LBY,2009,200
Libya,LBY,2010,200
Libya,LBY,2011,200
Libya,LBY,2012,200
Libya,LBY,2013,200
Libya,LBY,2014,500
Libya,LBY,2015,500
Libya,LBY,2016,500
Libya,LBY,2017,500
Libya,LBY,2018,500
Libya,LBY,2019,500
Libya,LBY,2020,500
Madagascar,MDG,1990,100
Madagascar,MDG,1991,100
Madagascar,MDG,1992,100
Madagascar,MDG,1993,100
Madagascar,MDG,1994,100
Madagascar,MDG,1995,100
Madagascar,MDG,1996,100
Madagascar,MDG,1997,100
Madagascar,MDG,1998,100
Madagascar,MDG,1999,100
Madagascar,MDG,2000,100
Madagascar,MDG,2001,100
Madagascar,MDG,2002,200
Madagascar,MDG,2003,200
Madagascar,MDG,2004,200
Madagascar,MDG,2005,500
Madagascar,MDG,2006,500
Madagascar,MDG,2007,500
Madagascar,MDG,2008,500
Madagascar,MDG,2009,500
Madagascar,MDG,2010,590
Madagascar,MDG,2011,680
Madagascar,MDG,2012,790
Madagascar,MDG,2013,910
Madagascar,MDG,2014,1100
Madagascar,MDG,2015,1200
Madagascar,MDG,2016,1400
Madagascar,MDG,2017,1600
Madagascar,MDG,2018,1700
Madagascar,MDG,2019,1900
Madagascar,MDG,2020,2100
Malawi,MWI,1990,37000
Malawi,MWI,1991,46000
Malawi,MWI,1992,55000
Malawi,MWI,1993,64000
Malawi,MWI,1994,74000
Malawi,MWI,1995,84000
Malawi,MWI,1996,94000
Malawi,MWI,1997,100000
Malawi,MWI,1998,110000
Malawi,MWI,1999,120000
Malawi,MWI,2000,120000
Malawi,MWI,2001,130000
Malawi,MWI,2002,130000
Malawi,MWI,2003,140000
Malawi,MWI,2004,140000
Malawi,MWI,2005,140000
Malawi,MWI,2006,140000
Malawi,MWI,2007,140000
Malawi,MWI,2008,140000
Malawi,MWI,2009,140000
Malawi,MWI,2010,130000
Malawi,MWI,2011,120000
Malawi,MWI,2012,120000
Malawi,MWI,2013,110000
Malawi,MWI,2014,100000
Malawi,MWI,2015,98000
Malawi,MWI,2016,90000
Malawi,MWI,2017,82000
Malawi,MWI,2018,75000
Malawi,MWI,2019,69000
Malawi,MWI,2020,62000
Malaysia,MYS,1990,100
Malaysia,MYS,1991,100
Malaysia,MYS,1992,100
Malaysia,MYS,1993,100
Malaysia,MYS,1994,100
Malaysia,MYS,1995,100
Malaysia,MYS,1996,200
Malaysia,MYS,1997,200
Malaysia,MYS,1998,500
Malaysia,MYS,1999,500
Malaysia,MYS,2000,500
Malaysia,MYS,2001,500
Malaysia,MYS,2002,500
Malaysia,MYS,2003,500
Malaysia,MYS,2004,500
Malaysia,MYS,2005,500
Malaysia,MYS,2006,500
Malaysia,MYS,2007,530
Malaysia,MYS,2008,550
Malaysia,MYS,2009,570
Malaysia,MYS,2010,570
Malaysia,MYS,2011,580
Malaysia,MYS,2012,580
Malaysia,MYS,2013,580
Malaysia,MYS,2014,570
Malaysia,MYS,2015,520
Malaysia,MYS,2016,500
Malaysia,MYS,2017,500
Malaysia,MYS,2018,500
Malaysia,MYS,2019,500
Malaysia,MYS,2020,500
Mali,MLI,1990,4400
Mali,MLI,1991,5600
Mali,MLI,1992,6900
Mali,MLI,1993,8200
Mali,MLI,1994,9600
Mali,MLI,1995,11000
Mali,MLI,1996,12000
Mali,MLI,1997,14000
Mali,MLI,1998,15000
Mali,MLI,1999,16000
Mali,MLI,2000,17000
Mali,MLI,2001,18000
Mali,MLI,2002,19000
Mali,MLI,2003,19000
Mali,MLI,2004,20000
Mali,MLI,2005,20000
Mali,MLI,2006,20000
Mali,MLI,2007,20000
Mali,MLI,2008,20000
Mali,MLI,2009,20000
Mali,MLI,2010,19000
Mali,MLI,2011,18000
Mali,MLI,2012,18000
Mali,MLI,2013,17000
Mali,MLI,2014,17000
Mali,MLI,2015,16000
Mali,MLI,2016,16000
Mali,MLI,2017,15000
Mali,MLI,2018,15000
Mali,MLI,2019,15000
Mali,MLI,2020,14000
Mauritania,MRT,1990,100
Mauritania,MRT,1991,100
Mauritania,MRT,1992,200
Mauritania,MRT,1993,200
Mauritania,MRT,1994,200
Mauritania,MRT,1995,500
Mauritania,MRT,1996,500
Mauritania,MRT,1997,500
Mauritania,MRT,1998,500
Mauritania,MRT,1999,500
Mauritania,MRT,2000,530
Mauritania,MRT,2001,580
Mauritania,MRT,2002,640
Mauritania,MRT,2003,680
Mauritania,MRT,2004,730
Mauritania,MRT,2005,760
Mauritania,MRT,2006,790
Mauritania,MRT,2007,810
Mauritania,MRT,2008,820
Mauritania,MRT,2009,820
Mauritania,MRT,2010,820
Mauritania,MRT,2011,820
Mauritania,MRT,2012,810
Mauritania,MRT,2013,790
Mauritania,MRT,2014,740
Mauritania,MRT,2015,710
Mauritania,MRT,2016,710
Mauritania,MRT,2017,700
Mauritania,MRT,2018,680
Mauritania,MRT,2019,660
Mauritania,MRT,2020,650
Mauritius,MUS,1990,100
Mauritius,MUS,1991,100
Mauritius,MUS,1992,100
Mauritius,MUS,1993,100
Mauritius,MUS,1994,100
Mauritius,MUS,1995,100
Mauritius,MUS,1996,100
Mauritius,MUS,1997,100
Mauritius,MUS,1998,100
Mauritius,MUS,1999,100
Mauritius,MUS,2000,100
Mauritius,MUS,2001,100
Mauritius,MUS,2002,100
Mauritius,MUS,2003,100
Mauritius,MUS,2004,100
Mauritius,MUS,2005,100
Mauritius,MUS,2006,100
Mauritius,MUS,2007,200
Mauritius,MUS,2008,200
Mauritius,MUS,2009,200
Mauritius,MUS,2010,200
Mauritius,MUS,2011,200
Mauritius,MUS,2012,200
Mauritius,MUS,2013,200
Mauritius,MUS,2014,200
Mauritius,MUS,2015,200
Mauritius,MUS,2016,200
Mauritius,MUS,2017,200
Mauritius,MUS,2018,200
Mauritius,MUS,2019,100
Mauritius,MUS,2020,100
Mexico,MEX,1990,730
Mexico,MEX,1991,800
Mexico,MEX,1992,900
Mexico,MEX,1993,990
Mexico,MEX,1994,1100
Mexico,MEX,1995,1200
Mexico,MEX,1996,1300
Mexico,MEX,1997,1400
Mexico,MEX,1998,1500
Mexico,MEX,1999,1600
Mexico,MEX,2000,1600
Mexico,MEX,2001,1700
Mexico,MEX,2002,1800
Mexico,MEX,2003,1800
Mexico,MEX,2004,1900
Mexico,MEX,2005,1900
Mexico,MEX,2006,2200
Mexico,MEX,2007,2400
Mexico,MEX,2008,2400
Mexico,MEX,2009,2500
Mexico,MEX,2010,2500
Mexico,MEX,2011,2500
Mexico,MEX,2012,2500
Mexico,MEX,2013,2500
Mexico,MEX,2014,2400
Mexico,MEX,2015,2400
Mexico,MEX,2016,2300
Mexico,MEX,2017,2300
Mexico,MEX,2018,2300
Mexico,MEX,2019,2300
Mexico,MEX,2020,2300
Moldova,MDA,1990,100
Moldova,MDA,1991,100
Moldova,MDA,1992,100
Moldova,MDA,1993,100
Moldova,MDA,1994,100
Moldova,MDA,1995,100
Moldova,MDA,1996,100
Moldova,MDA,1997,100
Moldova,MDA,1998,100
Moldova,MDA,1999,100
Moldova,MDA,2000,100
Moldova,MDA,2001,100
Moldova,MDA,2002,200
Moldova,MDA,2003,200
Moldova,MDA,2004,200
Moldova,MDA,2005,200
Moldova,MDA,2006,200
Moldova,MDA,2007,200
Moldova,MDA,2008,200
Moldova,MDA,2009,200
Moldova,MDA,2010,200
Moldova,MDA,2011,200
Moldova,MDA,2012,200
Moldova,MDA,2013,200
Moldova,MDA,2014,200
Moldova,MDA,2015,200
Moldova,MDA,2016,200
Moldova,MDA,2017,200
Moldova,MDA,2018,200
Moldova,MDA,2019,200
Moldova,MDA,2020,200
Morocco,MAR,1990,200
Morocco,MAR,1991,200
Morocco,MAR,1992,500
Morocco,MAR,1993,500
Morocco,MAR,1994,500
Morocco,MAR,1995,500
Morocco,MAR,1996,500
Morocco,MAR,1997,500
Morocco,MAR,1998,500
Morocco,MAR,1999,500
Morocco,MAR,2000,500
Morocco,MAR,2001,530
Morocco,MAR,2002,570
Morocco,MAR,2003,600
Morocco,MAR,2004,630
Morocco,MAR,2005,650
Morocco,MAR,2006,680
Morocco,MAR,2007,710
Morocco,MAR,2008,740
Morocco,MAR,2009,760
Morocco,MAR,2010,780
Morocco,MAR,2011,800
Morocco,MAR,2012,810
Morocco,MAR,2013,820
Morocco,MAR,2014,830
Morocco,MAR,2015,860
Morocco,MAR,2016,870
Morocco,MAR,2017,880
Morocco,MAR,2018,880
Morocco,MAR,2019,860
Morocco,MAR,2020,860
Mozambique,MOZ,1990,6300
Mozambique,MOZ,1991,8800
Mozambique,MOZ,1992,12000
Mozambique,MOZ,1993,17000
Mozambique,MOZ,1994,22000
Mozambique,MOZ,1995,29000
Mozambique,MOZ,1996,37000
Mozambique,MOZ,1997,45000
Mozambique,MOZ,1998,55000
Mozambique,MOZ,1999,65000
Mozambique,MOZ,2000,76000
Mozambique,MOZ,2001,87000
Mozambique,MOZ,2002,98000
Mozambique,MOZ,2003,110000
Mozambique,MOZ,2004,120000
Mozambique,MOZ,2005,130000
Mozambique,MOZ,2006,140000
Mozambique,MOZ,2007,140000
Mozambique,MOZ,2008,140000
Mozambique,MOZ,2009,150000
Mozambique,MOZ,2010,150000
Mozambique,MOZ,2011,160000
Mozambique,MOZ,2012,150000
Mozambique,MOZ,2013,150000
Mozambique,MOZ,2014,150000
Mozambique,MOZ,2015,140000
Mozambique,MOZ,2016,140000
Mozambique,MOZ,2017,140000
Mozambique,MOZ,2018,140000
Mozambique,MOZ,2019,130000
Mozambique,MOZ,2020,130000
Namibia,NAM,1990,910
Namibia,NAM,1991,1300
Namibia,NAM,1992,1900
Namibia,NAM,1993,2700
Namibia,NAM,1994,3700
Namibia,NAM,1995,4800
Namibia,NAM,1996,6100
Namibia,NAM,1997,7500
Namibia,NAM,1998,8800
Namibia,NAM,1999,10000
Namibia,NAM,2000,11000
Namibia,NAM,2001,13000
Namibia,NAM,2002,14000
Namibia,NAM,2003,15000
Namibia,NAM,2004,15000
Namibia,NAM,2005,16000
Namibia,NAM,2006,16000
Namibia,NAM,2007,16000
Namibia,NAM,2008,16000
Namibia,NAM,2009,16000
Namibia,NAM,2010,16000
Namibia,NAM,2011,16000
Namibia,NAM,2012,15000
Namibia,NAM,2013,15000
Namibia,NAM,2014,14000
Namibia,NAM,2015,13000
Namibia,NAM,2016,12000
Namibia,NAM,2017,11000
Namibia,NAM,2018,10000
Namibia,NAM,2019,9300
Namibia,NAM,2020,8400
Nepal,NPL,1990,100
Nepal,NPL,1991,100
Nepal,NPL,1992,100
Nepal,NPL,1993,100
Nepal,NPL,1994,100
Nepal,NPL,1995,100
Nepal,NPL,1996,100
Nepal,NPL,1997,100
Nepal,NPL,1998,200
Nepal,NPL,1999,500
Nepal,NPL,2000,500
Nepal,NPL,2001,500
Nepal,NPL,2002,560
Nepal,NPL,2003,690
Nepal,NPL,2004,820
Nepal,NPL,2005,940
Nepal,NPL,2006,1100
Nepal,NPL,2007,1200
Nepal,NPL,2008,1200
Nepal,NPL,2009,1300
Nepal,NPL,2010,1400
Nepal,NPL,2011,1400
Nepal,NPL,2012,1500
Nepal,NPL,2013,1500
Nepal,NPL,2014,1500
Nepal,NPL,2015,1500
Nepal,NPL,2016,1400
Nepal,NPL,2017,1400
Nepal,NPL,2018,1300
Nepal,NPL,2019,1300
Nepal,NPL,2020,1200
Nicaragua,NIC,1990,100
Nicaragua,NIC,1991,100
Nicaragua,NIC,1992,100
Nicaragua,NIC,1993,100
Nicaragua,NIC,1994,100
Nicaragua,NIC,1995,100
Nicaragua,NIC,1996,100
Nicaragua,NIC,1997,100
Nicaragua,NIC,1998,100
Nicaragua,NIC,1999,200
Nicaragua,NIC,2000,200
Nicaragua,NIC,2001,200
Nicaragua,NIC,2002,200
Nicaragua,NIC,2003,200
Nicaragua,NIC,2004,200
Nicaragua,NIC,2005,200
Nicaragua,NIC,2006,500
Nicaragua,NIC,2007,500
Nicaragua,NIC,2008,500
Nicaragua,NIC,2009,500
Nicaragua,NIC,2010,500
Nicaragua,NIC,2011,500
Nicaragua,NIC,2012,500
Nicaragua,NIC,2013,500
Nicaragua,NIC,2014,500
Nicaragua,NIC,2015,500
Nicaragua,NIC,2016,500
Nicaragua,NIC,2017,500
Nicaragua,NIC,2018,500
Nicaragua,NIC,2019,500
Nicaragua,NIC,2020,500
Niger,NER,1990,500
Niger,NER,1991,650
Niger,NER,1992,870
Niger,NER,1993,1100
Niger,NER,1994,1400
Niger,NER,1995,1800
Niger,NER,1996,2200
Niger,NER,1997,2600
Niger,NER,1998,3000
Niger,NER,1999,3500
Niger,NER,2000,3900
Niger,NER,2001,4300
Niger,NER,2002,4700
Niger,NER,2003,5000
Niger,NER,2004,5300
Niger,NER,2005,5500
Niger,NER,2006,5600
Niger,NER,2007,5700
Niger,NER,2008,5700
Niger,NER,2009,5600
Niger,NER,2010,5200
Niger,NER,2011,4900
Niger,NER,2012,4700
Niger,NER,2013,4500
Niger,NER,2014,4200
Niger,NER,2015,4000
Niger,NER,2016,3700
Niger,NER,2017,3500
Niger,NER,2018,3400
Niger,NER,2019,3300
Niger,NER,2020,3200
Nigeria,NGA,1990,22000
Nigeria,NGA,1991,28000
Nigeria,NGA,1992,35000
Nigeria,NGA,1993,43000
Nigeria,NGA,1994,52000
Nigeria,NGA,1995,61000
Nigeria,NGA,1996,71000
Nigeria,NGA,1997,81000
Nigeria,NGA,1998,91000
Nigeria,NGA,1999,100000
Nigeria,NGA,2000,110000
Nigeria,NGA,2001,120000
Nigeria,NGA,2002,130000
Nigeria,NGA,2003,130000
Nigeria,NGA,2004,140000
Nigeria,NGA,2005,140000
Nigeria,NGA,2006,150000
Nigeria,NGA,2007,150000
Nigeria,NGA,2008,150000
Nigeria,NGA,2009,150000
Nigeria,NGA,2010,150000
Nigeria,NGA,2011,150000
Nigeria,NGA,2012,150000
Nigeria,NGA,2013,140000
Nigeria,NGA,2014,140000
Nigeria,NGA,2015,130000
Nigeria,NGA,2016,130000
Nigeria,NGA,2017,130000
Nigeria,NGA,2018,130000
Nigeria,NGA,2019,130000
Nigeria,NGA,2020,130000
Pakistan,PAK,1990,100
Pakistan,PAK,1991,100
Pakistan,PAK,1992,100
Pakistan,PAK,1993,100
Pakistan,PAK,1994,100
Pakistan,PAK,1995,100
Pakistan,PAK,1996,100
Pakistan,PAK,1997,100
Pakistan,PAK,1998,100
Pakistan,PAK,1999,100
Pakistan,PAK,2000,100
Pakistan,PAK,2001,100
Pakistan,PAK,2002,100
Pakistan,PAK,2003,100
Pakistan,PAK,2004,100
Pakistan,PAK,2005,100
Pakistan,PAK,2006,200
Pakistan,PAK,2007,200
Pakistan,PAK,2008,500
Pakistan,PAK,2009,500
Pakistan,PAK,2010,650
Pakistan,PAK,2011,870
Pakistan,PAK,2012,1100
Pakistan,PAK,2013,1400
Pakistan,PAK,2014,1700
Pakistan,PAK,2015,2000
Pakistan,PAK,2016,2400
Pakistan,PAK,2017,2800
Pakistan,PAK,2018,3200
Pakistan,PAK,2019,4200
Pakistan,PAK,2020,4900
Paraguay,PRY,1990,100
Paraguay,PRY,1991,100
Paraguay,PRY,1992,100
Paraguay,PRY,1993,100
Paraguay,PRY,1994,100
Paraguay,PRY,1995,100
Paraguay,PRY,1996,200
Paraguay,PRY,1997,200
Paraguay,PRY,1998,500
Paraguay,PRY,1999,500
Paraguay,PRY,2000,500
Paraguay,PRY,2001,500
Paraguay,PRY,2002,500
Paraguay,PRY,2003,500
Paraguay,PRY,2004,500
Paraguay,PRY,2005,500
Paraguay,PRY,2006,500
Paraguay,PRY,2007,500
Paraguay,PRY,2008,500
Paraguay,PRY,2009,500
Paraguay,PRY,2010,500
Paraguay,PRY,2011,500
Paraguay,PRY,2012,500
Paraguay,PRY,2013,500
Paraguay,PRY,2014,500
Paraguay,PRY,2015,500
Paraguay,PRY,2016,500
Paraguay,PRY,2017,500
Paraguay,PRY,2018,500
Paraguay,PRY,2019,500
Paraguay,PRY,2020,500
Peru,PER,1990,1100
Peru,PER,1991,1200
Peru,PER,1992,1300
Peru,PER,1993,1400
Peru,PER,1994,1500
Peru,PER,1995,1600
Peru,PER,1996,1700
Peru,PER,1997,1800
Peru,PER,1998,1800
Peru,PER,1999,1900
Peru,PER,2000,1900
Peru,PER,2001,1900
Peru,PER,2002,1900
Peru,PER,2003,1900
Peru,PER,2004,1800
Peru,PER,2005,1800
Peru,PER,2006,1800
Peru,PER,2007,1700
Peru,PER,2008,1600
Peru,PER,2009,1600
Peru,PER,2010,1500
Peru,PER,2011,1500
Peru,PER,2012,1500
Peru,PER,2013,1400
Peru,PER,2014,1300
Peru,PER,2015,1300
Peru,PER,2016,1300
Peru,PER,2017,1400
Peru,PER,2018,1400
Peru,PER,2019,1300
Peru,PER,2020,1300
Philippines,PHL,1990,100
Philippines,PHL,1991,100
Philippines,PHL,1992,100
Philippines,PHL,1993,100
Philippines,PHL,1994,100
Philippines,PHL,1995,100
Philippines,PHL,1996,100
Philippines,PHL,1997,100
Philippines,PHL,1998,100
Philippines,PHL,1999,100
Philippines,PHL,2000,100
Philippines,PHL,2001,100
Philippines,PHL,2002,100
Philippines,PHL,2003,100
Philippines,PHL,2004,100
Philippines,PHL,2005,100
Philippines,PHL,2006,100
Philippines,PHL,2007,100
Philippines,PHL,2008,100
Philippines,PHL,2009,100
Philippines,PHL,2010,100
Philippines,PHL,2011,200
Philippines,PHL,2012,200
Philippines,PHL,2013,200
Philippines,PHL,2014,500
Philippines,PHL,2015,500
Philippines,PHL,2016,500
Philippines,PHL,2017,500
Philippines,PHL,2018,500
Philippines,PHL,2019,510
Philippines,PHL,2020,590
Portugal,PRT,1990,100
Portugal,PRT,1991,100
Portugal,PRT,1992,100
Portugal,PRT,1993,100
Portugal,PRT,1994,100
Portugal,PRT,1995,100
Portugal,PRT,1996,100
Portugal,PRT,1997,100
Portugal,PRT,1998,100
Portugal,PRT,1999,100
Portugal,PRT,2000,100
Portugal,PRT,2001,100
Portugal,PRT,2002,100
Portugal,PRT,2003,100
Portugal,PRT,2004,100
Portugal,PRT,2005,100
Portugal,PRT,2006,100
Portugal,PRT,2007,100
Portugal,PRT,2008,100
Portugal,PRT,2009,100
Portugal,PRT,2010,100
Portugal,PRT,2011,100
Portugal,PRT,2012,100
Portugal,PRT,2013,100
Portugal,PRT,2014,100
Portugal,PRT,2015,100
Portugal,PRT,2016,100
Portugal,PRT,2017,100
Portugal,PRT,2018,100
Portugal,PRT,2019,100
Portugal,PRT,2020,100
Rwanda,RWA,1990,7900
Rwanda,RWA,1991,9500
Rwanda,RWA,1992,11000
Rwanda,RWA,1993,12000
Rwanda,RWA,1994,13000
Rwanda,RWA,1995,15000
Rwanda,RWA,1996,17000
Rwanda,RWA,1997,19000
Rwanda,RWA,1998,22000
Rwanda,RWA,1999,25000
Rwanda,RWA,2000,28000
Rwanda,RWA,2001,30000
Rwanda,RWA,2002,31000
Rwanda,RWA,2003,32000
Rwanda,RWA,2004,32000
Rwanda,RWA,2005,32000
Rwanda,RWA,2006,32000
Rwanda,RWA,2007,32000
Rwanda,RWA,2008,31000
Rwanda,RWA,2009,29000
Rwanda,RWA,2010,28000
Rwanda,RWA,2011,26000
Rwanda,RWA,2012,25000
Rwanda,RWA,2013,23000
Rwanda,RWA,2014,22000
Rwanda,RWA,2015,20000
Rwanda,RWA,2016,18000
Rwanda,RWA,2017,17000
Rwanda,RWA,2018,15000
Rwanda,RWA,2019,13000
Rwanda,RWA,2020,12000
Saudi Arabia,SAU,1990,100
Saudi Arabia,SAU,1991,100
Saudi Arabia,SAU,1992,100
Saudi Arabia,SAU,1993,100
Saudi Arabia,SAU,1994,100
Saudi Arabia,SAU,1995,100
Saudi Arabia,SAU,1996,100
Saudi Arabia,SAU,1997,100
Saudi Arabia,SAU,1998,100
Saudi Arabia,SAU,1999,100
Saudi Arabia,SAU,2000,100
Saudi Arabia,SAU,2001,100
Saudi Arabia,SAU,2002,100
Saudi Arabia,SAU,2003,100
Saudi Arabia,SAU,2004,100
Saudi Arabia,SAU,2005,100
Saudi Arabia,SAU,2006,100
Saudi Arabia,SAU,2007,100
Saudi Arabia,SAU,2008,100
Saudi Arabia,SAU,2009,200
Saudi Arabia,SAU,2010,200
Saudi Arabia,SAU,2011,200
Saudi Arabia,SAU,2012,200
Saudi Arabia,SAU,2013,200
Saudi Arabia,SAU,2014,200
Saudi Arabia,SAU,2015,200
Saudi Arabia,SAU,2016,200
Saudi Arabia,SAU,2017,200
Saudi Arabia,SAU,2018,200
Saudi Arabia,SAU,2019,200
Saudi Arabia,SAU,2020,200
Senegal,SEN,1990,540
Senegal,SEN,1991,680
Senegal,SEN,1992,860
Senegal,SEN,1993,1100
Senegal,SEN,1994,1300
Senegal,SEN,1995,1600
Senegal,SEN,1996,1900
Senegal,SEN,1997,2300
Senegal,SEN,1998,2700
Senegal,SEN,1999,3100
Senegal,SEN,2000,3500
Senegal,SEN,2001,3900
Senegal,SEN,2002,4400
Senegal,SEN,2003,4800
Senegal,SEN,2004,5200
Senegal,SEN,2005,5500
Senegal,SEN,2006,5900
Senegal,SEN,2007,6100
Senegal,SEN,2008,6100
Senegal,SEN,2009,6100
Senegal,SEN,2010,6200
Senegal,SEN,2011,6100
Senegal,SEN,2012,6100
Senegal,SEN,2013,5900
Senegal,SEN,2014,5700
Senegal,SEN,2015,5300
Senegal,SEN,2016,5100
Senegal,SEN,2017,4900
Senegal,SEN,2018,4500
Senegal,SEN,2019,4200
Senegal,SEN,2020,3900
Sierra Leone,SLE,1990,1700
Sierra Leone,SLE,1991,2100
Sierra Leone,SLE,1992,2600
Sierra Leone,SLE,1993,3200
Sierra Leone,SLE,1994,3700
Sierra Leone,SLE,1995,4300
Sierra Leone,SLE,1996,5000
Sierra Leone,SLE,1997,5600
Sierra Leone,SLE,1998,6300
Sierra Leone,SLE,1999,7100
Sierra Leone,SLE,2000,7900
Sierra Leone,SLE,2001,8800
Sierra Leone,SLE,2002,9700
Sierra Leone,SLE,2003,11000
Sierra Leone,SLE,2004,11000
Sierra Leone,SLE,2005,12000
Sierra Leone,SLE,2006,13000
Sierra Leone,SLE,2007,13000
Sierra Leone,SLE,2008,13000
Sierra Leone,SLE,2009,13000
Sierra Leone,SLE,2010,13000
Sierra Leone,SLE,2011,13000
Sierra Leone,SLE,2012,13000
Sierra Leone,SLE,2013,13000
Sierra Leone,SLE,2014,13000
Sierra Leone,SLE,2015,12000
Sierra Leone,SLE,2016,12000
Sierra Leone,SLE,2017,12000
Sierra Leone,SLE,2018,12000
Sierra Leone,SLE,2019,12000
Sierra Leone,SLE,2020,11000
Somalia,SOM,1990,100
Somalia,SOM,1991,200
Somalia,SOM,1992,200
Somalia,SOM,1993,500
Somalia,SOM,1994,500
Somalia,SOM,1995,500
Somalia,SOM,1996,500
Somalia,SOM,1997,500
Somalia,SOM,1998,610
Somalia,SOM,1999,720
Somalia,SOM,2000,840
Somalia,SOM,2001,960
Somalia,SOM,2002,1100
Somalia,SOM,2003,1200
Somalia,SOM,2004,1300
Somalia,SOM,2005,1400
Somalia,SOM,2006,1500
Somalia,SOM,2007,1500
Somalia,SOM,2008,1600
Somalia,SOM,2009,1600
Somalia,SOM,2010,1600
Somalia,SOM,2011,1600
Somalia,SOM,2012,1600
Somalia,SOM,2013,1500
Somalia,SOM,2014,1500
Somalia,SOM,2015,1400
Somalia,SOM,2016,1300
Somalia,SOM,2017,1200
Somalia,SOM,2018,1200
Somalia,SOM,2019,1100
Somalia,SOM,2020,1000
South Africa,ZAF,1990,5300
South Africa,ZAF,1991,8500
South Africa,ZAF,1992,14000
South Africa,ZAF,1993,21000
South Africa,ZAF,1994,32000
South Africa,ZAF,1995,45000
South Africa,ZAF,1996,60000
South Africa,ZAF,1997,76000
South Africa,ZAF,1998,96000
South Africa,ZAF,1999,120000
South Africa,ZAF,2000,140000
South Africa,ZAF,2001,160000
South Africa,ZAF,2002,180000
South Africa,ZAF,2003,200000
South Africa,ZAF,2004,230000
South Africa,ZAF,2005,250000
South Africa,ZAF,2006,270000
South Africa,ZAF,2007,290000
South Africa,ZAF,2008,320000
South Africa,ZAF,2009,340000
South Africa,ZAF,2010,360000
South Africa,ZAF,2011,370000
South Africa,ZAF,2012,370000
South Africa,ZAF,2013,380000
South Africa,ZAF,2014,380000
South Africa,ZAF,2015,380000
South Africa,ZAF,2016,370000
South Africa,ZAF,2017,360000
South Africa,ZAF,2018,350000
South Africa,ZAF,2019,330000
South Africa,ZAF,2020,310000
South Sudan,SSD,1990,1700
South Sudan,SSD,1991,2200
South Sudan,SSD,1992,2700
South Sudan,SSD,1993,3300
South Sudan,SSD,1994,3900
South Sudan,SSD,1995,4600
South Sudan,SSD,1996,5400
South Sudan,SSD,1997,6300
South Sudan,SSD,1998,7300
South Sudan,SSD,1999,8300
South Sudan,SSD,2000,9300
South Sudan,SSD,2001,10000
South Sudan,SSD,2002,11000
South Sudan,SSD,2003,12000
South Sudan,SSD,2004,13000
South Sudan,SSD,2005,14000
South Sudan,SSD,2006,15000
South Sudan,SSD,2007,16000
South Sudan,SSD,2008,16000
South Sudan,SSD,2009,17000
South Sudan,SSD,2010,17000
South Sudan,SSD,2011,17000
South Sudan,SSD,2012,18000
South Sudan,SSD,2013,18000
South Sudan,SSD,2014,17000
South Sudan,SSD,2015,17000
South Sudan,SSD,2016,17000
South Sudan,SSD,2017,16000
South Sudan,SSD,2018,16000
South Sudan,SSD,2019,16000
South Sudan,SSD,2020,16000
Sudan,SDN,1990,100
Sudan,SDN,1991,200
Sudan,SDN,1992,200
Sudan,SDN,1993,500
Sudan,SDN,1994,500
Sudan,SDN,1995,600
Sudan,SDN,1996,820
Sudan,SDN,1997,1100
Sudan,SDN,1998,1300
Sudan,SDN,1999,1600
Sudan,SDN,2000,1900
Sudan,SDN,2001,2200
Sudan,SDN,2002,2500
Sudan,SDN,2003,2700
Sudan,SDN,2004,3000
Sudan,SDN,2005,3200
Sudan,SDN,2006,3400
Sudan,SDN,2007,3500
Sudan,SDN,2008,3700
Sudan,SDN,2009,3800
Sudan,SDN,2010,3900
Sudan,SDN,2011,4000
Sudan,SDN,2012,4100
Sudan,SDN,2013,4100
Sudan,SDN,2014,4100
Sudan,SDN,2015,4100
Sudan,SDN,2016,4100
Sudan,SDN,2017,4100
Sudan,SDN,2018,4100
Sudan,SDN,2019,4100
Sudan,SDN,2020,4100
Suriname,SUR,1990,100
Suriname,SUR,1991,100
Suriname,SUR,1992,100
Suriname,SUR,1993,100
Suriname,SUR,1994,100
Suriname,SUR,1995,100
Suriname,SUR,1996,100
Suriname,SUR,1997,100
Suriname,SUR,1998,200
Suriname,SUR,1999,200
Suriname,SUR,2000,200
Suriname,SUR,2001,200
Suriname,SUR,2002,200
Suriname,SUR,2003,200
Suriname,SUR,2004,200
Suriname,SUR,2005,200
Suriname,SUR,2006,200
Suriname,SUR,2007,200
Suriname,SUR,2008,200
Suriname,SUR,2009,200
Suriname,SUR,2010,200
Suriname,SUR,2011,200
Suriname,SUR,2012,200
Suriname,SUR,2013,200
Suriname,SUR,2014,200
Suriname,SUR,2015,200
Suriname,SUR,2016,200
Suriname,SUR,2017,200
Suriname,SUR,2018,200
Suriname,SUR,2019,100
Suriname,SUR,2020,100
Tajikistan,TJK,1990,100
Tajikistan,TJK,1991,100
Tajikistan,TJK,1992,100
Tajikistan,TJK,1993,100
Tajikistan,TJK,1994,100
Tajikistan,TJK,1995,100
Tajikistan,TJK,1996,100
Tajikistan,TJK,1997,100
Tajikistan,TJK,1998,100
Tajikistan,TJK,1999,100
Tajikistan,TJK,2000,100
Tajikistan,TJK,2001,100
Tajikistan,TJK,2002,100
Tajikistan,TJK,2003,100
Tajikistan,TJK,2004,100
Tajikistan,TJK,2005,100
Tajikistan,TJK,2006,100
Tajikistan,TJK,2007,100
Tajikistan,TJK,2008,100
Tajikistan,TJK,2009,200
Tajikistan,TJK,2010,500
Tajikistan,TJK,2011,500
Tajikistan,TJK,2012,500
Tajikistan,TJK,2013,500
Tajikistan,TJK,2014,530
Tajikistan,TJK,2015,620
Tajikistan,TJK,2016,690
Tajikistan,TJK,2017,780
Tajikistan,TJK,2018,880
Tajikistan,TJK,2019,1000
Tajikistan,TJK,2020,1100
Tanzania,TZA,1990,34000
Tanzania,TZA,1991,43000
Tanzania,TZA,1992,54000
Tanzania,TZA,1993,64000
Tanzania,TZA,1994,75000
Tanzania,TZA,1995,86000
Tanzania,TZA,1996,97000
Tanzania,TZA,1997,110000
Tanzania,TZA,1998,120000
Tanzania,TZA,1999,130000
Tanzania,TZA,2000,140000
Tanzania,TZA,2001,140000
Tanzania,TZA,2002,150000
Tanzania,TZA,2003,160000
Tanzania,TZA,2004,160000
Tanzania,TZA,2005,170000
Tanzania,TZA,2006,170000
Tanzania,TZA,2007,170000
Tanzania,TZA,2008,170000
Tanzania,TZA,2009,170000
Tanzania,TZA,2010,160000
Tanzania,TZA,2011,160000
Tanzania,TZA,2012,150000
Tanzania,TZA,2013,150000
Tanzania,TZA,2014,140000
Tanzania,TZA,2015,140000
Tanzania,TZA,2016,140000
Tanzania,TZA,2017,130000
Tanzania,TZA,2018,130000
Tanzania,TZA,2019,120000
Tanzania,TZA,2020,110000
Thailand,THA,1990,1100
Thailand,THA,1991,2500
Thailand,THA,1992,4400
Thailand,THA,1993,6500
Thailand,THA,1994,8700
Thailand,THA,1995,11000
Thailand,THA,1996,13000
Thailand,THA,1997,15000
Thailand,THA,1998,17000
Thailand,THA,1999,19000
Thailand,THA,2000,19000
Thailand,THA,2001,20000
Thailand,THA,2002,20000
Thailand,THA,2003,19000
Thailand,THA,2004,19000
Thailand,THA,2005,18000
Thailand,THA,2006,17000
Thailand,THA,2007,16000
Thailand,THA,2008,15000
Thailand,THA,2009,14000
Thailand,THA,2010,12000
Thailand,THA,2011,11000
Thailand,THA,2012,10000
Thailand,THA,2013,8800
Thailand,THA,2014,7600
Thailand,THA,2015,6400
Thailand,THA,2016,5200
Thailand,THA,2017,4300
Thailand,THA,2018,3500
Thailand,THA,2019,2800
Thailand,THA,2020,2400
Togo,TGO,1990,4000
Togo,TGO,1991,4600
Togo,TGO,1992,5400
Togo,TGO,1993,6200
Togo,TGO,1994,7100
Togo,TGO,1995,8000
Togo,TGO,1996,9100
Togo,TGO,1997,10000
Togo,TGO,1998,11000
Togo,TGO,1999,12000
Togo,TGO,2000,13000
Togo,TGO,2001,14000
Togo,TGO,2002,15000
Togo,TGO,2003,16000
Togo,TGO,2004,16000
Togo,TGO,2005,17000
Togo,TGO,2006,17000
Togo,TGO,2007,18000
Togo,TGO,2008,18000
Togo,TGO,2009,18000
Togo,TGO,2010,17000
Togo,TGO,2011,16000
Togo,TGO,2012,15000
Togo,TGO,2013,14000
Togo,TGO,2014,13000
Togo,TGO,2015,13000
Togo,TGO,2016,12000
Togo,TGO,2017,12000
Togo,TGO,2018,11000
Togo,TGO,2019,10000
Togo,TGO,2020,9700
Tunisia,TUN,1990,100
Tunisia,TUN,1991,100
Tunisia,TUN,1992,100
Tunisia,TUN,1993,100
Tunisia,TUN,1994,100
Tunisia,TUN,1995,100
Tunisia,TUN,1996,100
Tunisia,TUN,1997,100
Tunisia,TUN,1998,100
Tunisia,TUN,1999,100
Tunisia,TUN,2000,100
Tunisia,TUN,2001,100
Tunisia,TUN,2002,100
Tunisia,TUN,2003,100
Tunisia,TUN,2004,100
Tunisia,TUN,2005,100
Tunisia,TUN,2006,100
Tunisia,TUN,2007,100
Tunisia,TUN,2008,100
Tunisia,TUN,2009,100
Tunisia,TUN,2010,100
Tunisia,TUN,2011,100
Tunisia,TUN,2012,100
Tunisia,TUN,2013,100
Tunisia,TUN,2014,100
Tunisia,TUN,2015,100
Tunisia,TUN,2016,100
Tunisia,TUN,2017,100
Tunisia,TUN,2018,100
Tunisia,TUN,2019,100
Tunisia,TUN,2020,100
Uganda,UGA,1990,93000
Uganda,UGA,1991,110000
Uganda,UGA,1992,120000
Uganda,UGA,1993,130000
Uganda,UGA,1994,140000
Uganda,UGA,1995,150000
Uganda,UGA,1996,160000
Uganda,UGA,1997,160000
Uganda,UGA,1998,170000
Uganda,UGA,1999,170000
Uganda,UGA,2000,170000
Uganda,UGA,2001,180000
Uganda,UGA,2002,180000
Uganda,UGA,2003,180000
Uganda,UGA,2004,180000
Uganda,UGA,2005,180000
Uganda,UGA,2006,170000
Uganda,UGA,2007,170000
Uganda,UGA,2008,170000
Uganda,UGA,2009,160000
Uganda,UGA,2010,160000
Uganda,UGA,2011,160000
Uganda,UGA,2012,150000
Uganda,UGA,2013,140000
Uganda,UGA,2014,140000
Uganda,UGA,2015,130000
Uganda,UGA,2016,130000
Uganda,UGA,2017,120000
Uganda,UGA,2018,110000
Uganda,UGA,2019,110000
Uganda,UGA,2020,98000
Ukraine,UKR,1990,100
Ukraine,UKR,1991,100
Ukraine,UKR,1992,100
Ukraine,UKR,1993,200
Ukraine,UKR,1994,500
Ukraine,UKR,1995,500
Ukraine,UKR,1996,800
Ukraine,UKR,1997,1100
Ukraine,UKR,1998,1500
Ukraine,UKR,1999,1900
Ukraine,UKR,2000,2200
Ukraine,UKR,2001,2400
Ukraine,UKR,2002,2600
Ukraine,UKR,2003,2800
Ukraine,UKR,2004,3000
Ukraine,UKR,2005,3100
Ukraine,UKR,2006,3200
Ukraine,UKR,2007,3600
Ukraine,UKR,2008,3700
Ukraine,UKR,2009,3800
Ukraine,UKR,2010,3800
Ukraine,UKR,2011,3800
Ukraine,UKR,2012,3800
Ukraine,UKR,2013,3600
Ukraine,UKR,2014,3500
Ukraine,UKR,2015,3400
Ukraine,UKR,2016,3300
Ukraine,UKR,2017,3300
Ukraine,UKR,2018,3200
Ukraine,UKR,2019,3000
Ukraine,UKR,2020,2900
Uruguay,URY,1990,100
Uruguay,URY,1991,100
Uruguay,URY,1992,100
Uruguay,URY,1993,100
Uruguay,URY,1994,100
Uruguay,URY,1995,100
Uruguay,URY,1996,100
Uruguay,URY,1997,100
Uruguay,URY,1998,100
Uruguay,URY,1999,200
Uruguay,URY,2000,200
Uruguay,URY,2001,200
Uruguay,URY,2002,200
Uruguay,URY,2003,200
Uruguay,URY,2004,200
Uruguay,URY,2005,200
Uruguay,URY,2006,200
Uruguay,URY,2007,200
Uruguay,URY,2008,200
Uruguay,URY,2009,200
Uruguay,URY,2010,200
Uruguay,URY,2011,200
Uruguay,URY,2012,200
Uruguay,URY,2013,200
Uruguay,URY,2014,200
Uruguay,URY,2015,200
Uruguay,URY,2016,200
Uruguay,URY,2017,200
Uruguay,URY,2018,200
Uruguay,URY,2019,200
Uruguay,URY,2020,200
Uzbekistan,UZB,1990,100
Uzbekistan,UZB,1991,100
Uzbekistan,UZB,1992,100
Uzbekistan,UZB,1993,100
Uzbekistan,UZB,1994,100
Uzbekistan,UZB,1995,100
Uzbekistan,UZB,1996,100
Uzbekistan,UZB,1997,100
Uzbekistan,UZB,1998,100
Uzbekistan,UZB,1999,100
Uzbekistan,UZB,2000,100
Uzbekistan,UZB,2001,100
Uzbekistan,UZB,2002,100
Uzbekistan,UZB,2003,100
Uzbekistan,UZB,2004,550
Uzbekistan,UZB,2005,880
Uzbekistan,UZB,2006,1100
Uzbekistan,UZB,2007,1400
Uzbekistan,UZB,2008,1600
Uzbekistan,UZB,2009,1800
Uzbekistan,UZB,2010,2000
Uzbekistan,UZB,2011,2200
Uzbekistan,UZB,2012,2400
Uzbekistan,UZB,2013,2600
Uzbekistan,UZB,2014,2800
Uzbekistan,UZB,2015,2900
Uzbekistan,UZB,2016,3300
Uzbekistan,UZB,2017,3800
Uzbekistan,UZB,2018,4200
Uzbekistan,UZB,2019,4100
Uzbekistan,UZB,2020,4100
Venezuela,VEN,1990,730
Venezuela,VEN,1991,750
Venezuela,VEN,1992,770
Venezuela,VEN,1993,790
Venezuela,VEN,1994,820
Venezuela,VEN,1995,870
Venezuela,VEN,1996,950
Venezuela,VEN,1997,1100
Venezuela,VEN,1998,1200
Venezuela,VEN,1999,1400
Venezuela,VEN,2000,1700
Venezuela,VEN,2001,1900
Venezuela,VEN,2002,2200
Venezuela,VEN,2003,2500
Venezuela,VEN,2004,2700
Venezuela,VEN,2005,3000
Venezuela,VEN,2006,3200
Venezuela,VEN,2007,3300
Venezuela,VEN,2008,3500
Venezuela,VEN,2009,3700
Venezuela,VEN,2010,3900
Venezuela,VEN,2011,4100
Venezuela,VEN,2012,4200
Venezuela,VEN,2013,4200
Venezuela,VEN,2014,4200
Venezuela,VEN,2015,4100
Venezuela,VEN,2016,3900
Venezuela,VEN,2017,3800
Venezuela,VEN,2018,3700
Venezuela,VEN,2019,3500
Venezuela,VEN,2020,3300
Vietnam,VNM,1990,100
Vietnam,VNM,1991,100
Vietnam,VNM,1992,100
Vietnam,VNM,1993,200
Vietnam,VNM,1994,200
Vietnam,VNM,1995,500
Vietnam,VNM,1996,500
Vietnam,VNM,1997,650
Vietnam,VNM,1998,850
Vietnam,VNM,1999,1100
Vietnam,VNM,2000,1300
Vietnam,VNM,2001,1600
Vietnam,VNM,2002,1800
Vietnam,VNM,2003,2100
Vietnam,VNM,2004,2400
Vietnam,VNM,2005,2600
Vietnam,VNM,2006,2800
Vietnam,VNM,2007,2900
Vietnam,VNM,2008,3000
Vietnam,VNM,2009,3200
Vietnam,VNM,2010,3400
Vietnam,VNM,2011,3600
Vietnam,VNM,2012,3800
Vietnam,VNM,2013,4000
Vietnam,VNM,2014,4100
Vietnam,VNM,2015,4300
Vietnam,VNM,2016,4400
Vietnam,VNM,2017,4500
Vietnam,VNM,2018,4500
Vietnam,VNM,2019,4400
Vietnam,VNM,2020,4300
World,OWID_WRL,1990,520000
World,OWID_WRL,1991,650000
World,OWID_WRL,1992,790000
World,OWID_WRL,1993,950000
World,OWID_WRL,1994,1100000
World,OWID_WRL,1995,1300000
World,OWID_WRL,1996,1500000
World,OWID_WRL,1997,1600000
World,OWID_WRL,1998,1800000
World,OWID_WRL,1999,2000000
World,OWID_WRL,2000,2100000
World,OWID_WRL,2001,2200000
World,OWID_WRL,2002,2400000
World,OWID_WRL,2003,2400000
World,OWID_WRL,2004,2500000
World,OWID_WRL,2005,2600000
World,OWID_WRL,2006,2600000
World,OWID_WRL,2007,2600000
World,OWID_WRL,2008,2600000
World,OWID_WRL,2009,2600000
World,OWID_WRL,2010,2500000
World,OWID_WRL,2011,2500000
World,OWID_WRL,2012,2400000
World,OWID_WRL,2013,2300000
World,OWID_WRL,2014,2200000
World,OWID_WRL,2015,2100000
World,OWID_WRL,2016,2100000
World,OWID_WRL,2017,2000000
World,OWID_WRL,2018,1900000
World,OWID_WRL,2019,1800000
World,OWID_WRL,2020,1700000
Yemen,YEM,1990,100
Yemen,YEM,1991,100
Yemen,YEM,1992,100
Yemen,YEM,1993,200
Yemen,YEM,1994,200
Yemen,YEM,1995,200
Yemen,YEM,1996,200
Yemen,YEM,1997,200
Yemen,YEM,1998,200
Yemen,YEM,1999,200
Yemen,YEM,2000,200
Yemen,YEM,2001,200
Yemen,YEM,2002,500
Yemen,YEM,2003,500
Yemen,YEM,2004,500
Yemen,YEM,2005,500
Yemen,YEM,2006,500
Yemen,YEM,2007,500
Yemen,YEM,2008,500
Yemen,YEM,2009,500
Yemen,YEM,2010,500
Yemen,YEM,2011,500
Yemen,YEM,2012,500
Yemen,YEM,2013,500
Yemen,YEM,2014,500
Yemen,YEM,2015,500
Yemen,YEM,2016,500
Yemen,YEM,2017,500
Yemen,YEM,2018,500
Yemen,YEM,2019,500
Yemen,YEM,2020,510
Zambia,ZMB,1990,28000
Zambia,ZMB,1991,35000
Zambia,ZMB,1992,43000
Zambia,ZMB,1993,51000
Zambia,ZMB,1994,59000
Zambia,ZMB,1995,68000
Zambia,ZMB,1996,76000
Zambia,ZMB,1997,84000
Zambia,ZMB,1998,92000
Zambia,ZMB,1999,99000
Zambia,ZMB,2000,110000
Zambia,ZMB,2001,110000
Zambia,ZMB,2002,120000
Zambia,ZMB,2003,120000
Zambia,ZMB,2004,120000
Zambia,ZMB,2005,120000
Zambia,ZMB,2006,120000
Zambia,ZMB,2007,120000
Zambia,ZMB,2008,120000
Zambia,ZMB,2009,110000
Zambia,ZMB,2010,110000
Zambia,ZMB,2011,110000
Zambia,ZMB,2012,110000
Zambia,ZMB,2013,100000
Zambia,ZMB,2014,99000
Zambia,ZMB,2015,97000
Zambia,ZMB,2016,96000
Zambia,ZMB,2017,93000
Zambia,ZMB,2018,90000
Zambia,ZMB,2019,86000
Zambia,ZMB,2020,82000
Zimbabwe,ZWE,1990,43000
Zimbabwe,ZWE,1991,55000
Zimbabwe,ZWE,1992,68000
Zimbabwe,ZWE,1993,81000
Zimbabwe,ZWE,1994,94000
Zimbabwe,ZWE,1995,110000
Zimbabwe,ZWE,1996,120000
Zimbabwe,ZWE,1997,130000
Zimbabwe,ZWE,1998,140000
Zimbabwe,ZWE,1999,150000
Zimbabwe,ZWE,2000,160000
Zimbabwe,ZWE,2001,160000
Zimbabwe,ZWE,2002,170000
Zimbabwe,ZWE,2003,170000
Zimbabwe,ZWE,2004,170000
Zimbabwe,ZWE,2005,160000
Zimbabwe,ZWE,2006,160000
Zimbabwe,ZWE,2007,160000
Zimbabwe,ZWE,2008,150000
Zimbabwe,ZWE,2009,150000
Zimbabwe,ZWE,2010,140000
Zimbabwe,ZWE,2011,140000
Zimbabwe,ZWE,2012,130000
Zimbabwe,ZWE,2013,120000
Zimbabwe,ZWE,2014,110000
Zimbabwe,ZWE,2015,110000
Zimbabwe,ZWE,2016,100000
Zimbabwe,ZWE,2017,96000
Zimbabwe,ZWE,2018,90000
Zimbabwe,ZWE,2019,84000
Zimbabwe,ZWE,2020,79000