Entity,Code,Year,Children (ages 0-14) newly infected with HIV
Afghanistan,AFG,1990,100
Afghanistan,AFG,1991,100
Afghanistan,AFG,1992,100
Afghanistan,AFG,1993,100
Afghanistan,AFG,1994,100
Afghanistan,AFG,1995,100
Afghanistan,AFG,1996,100
Afghanistan,AFG,1997,100
Afghanistan,AFG,1998,100
Afghanistan,AFG,1999,100
Afghanistan,AFG,2000,100
Afghanistan,AFG,2001,100
Afghanistan,AFG,2002,100
Afghanistan,AFG,2003,100
Afghanistan,AFG,2004,100
Afghanistan,AFG,2005,100
Afghanistan,AFG,2006,100
Afghanistan,AFG,2007,100
Afghanistan,AFG,2008,100
Afghanistan,AFG,2009,100
Afghanistan,AFG,2010,100
Afghanistan,AFG,2011,100
Afghanistan,AFG,2012,100
Afghanistan,AFG,2013,100
Afghanistan,AFG,2014,100
Afghanistan,AFG,2015,100
Afghanistan,AFG,2016,200
Afghanistan,AFG,2017,200
Afghanistan,AFG,2018,200
Afghanistan,AFG,2019,200
Afghanistan,AFG,2020,200
Algeria,DZA,1990,100
Algeria,DZA,1991,100
Algeria,DZA,1992,100
Algeria,DZA,1993,100
Algeria,DZA,1994,100
Algeria,DZA,1995,100
Algeria,DZA,1996,100
Algeria,DZA,1997,100
Algeria,DZA,1998,100
Algeria,DZA,1999,100
Algeria,DZA,2000,100
Algeria,DZA,2001,100
Algeria,DZA,2002,100
Algeria,DZA,2003,100
Algeria,DZA,2004,100
Algeria,DZA,2005,100
Algeria,DZA,2006,100
Algeria,DZA,2007,100
Algeria,DZA,2008,100
Algeria,DZA,2009,100
Algeria,DZA,2010,100
Algeria,DZA,2011,100
Algeria,DZA,2012,100
Algeria,DZA,2013,100
Algeria,DZA,2014,100
Algeria,DZA,2015,200
Algeria,DZA,2016,200
Algeria,DZA,2017,200
Algeria,DZA,2018,200
Algeria,DZA,2019,200
Algeria,DZA,2020,200
Angola,AGO,1990,580
Angola,AGO,1991,750
Angola,AGO,1992,960
Angola,AGO,1993,1200
Angola,AGO,1994,1500
Angola,AGO,1995,1800
Angola,AGO,1996,2100
Angola,AGO,1997,2500
Angola,AGO,1998,3000
Angola,AGO,1999,3500
Angola,AGO,2000,4000
Angola,AGO,2001,4500
Angola,AGO,2002,5100
Angola,AGO,2003,5700
Angola,AGO,2004,6200
Angola,AGO,2005,6700
Angola,AGO,2006,6700
Angola,AGO,2007,7200
Angola,AGO,2008,7400
Angola,AGO,2009,7700
Angola,AGO,2010,7800
Angola,AGO,2011,8400
Angola,AGO,2012,8400
Angola,AGO,2013,8200
Angola,AGO,2014,7600
Angola,AGO,2015,7700
Angola,AGO,2016,8000
Angola,AGO,2017,8100
Angola,AGO,2018,7400
Angola,AGO,2019,6200
Angola,AGO,2020,5200
Argentina,ARG,1990,200
Argentina,ARG,1991,200
Argentina,ARG,1992,200
Argentina,ARG,1993,500
Argentina,ARG,1994,500
Argentina,ARG,1995,500
Argentina,ARG,1996,500
Argentina,ARG,1997,500
Argentina,ARG,1998,500
Argentina,ARG,1999,500
Argentina,ARG,2000,500
Argentina,ARG,2001,500
Argentina,ARG,2002,500
Argentina,ARG,2003,500
Argentina,ARG,2004,500
Argentina,ARG,2005,200
Argentina,ARG,2006,200
Argentina,ARG,2007,200
Argentina,ARG,2008,200
Argentina,ARG,2009,200
Argentina,ARG,2010,200
Argentina,ARG,2011,100
Argentina,ARG,2012,100
Argentina,ARG,2013,100
Argentina,ARG,2014,100
Argentina,ARG,2015,100
Argentina,ARG,2016,100
Argentina,ARG,2017,100
Argentina,ARG,2018,100
Argentina,ARG,2019,100
Argentina,ARG,2020,100
Armenia,ARM,1990,100
Armenia,ARM,1991,100
Armenia,ARM,1992,100
Armenia,ARM,1993,100
Armenia,ARM,1994,100
Armenia,ARM,1995,100
Armenia,ARM,1996,100
Armenia,ARM,1997,100
Armenia,ARM,1998,100
Armenia,ARM,1999,100
Armenia,ARM,2000,100
Armenia,ARM,2001,100
Armenia,ARM,2002,100
Armenia,ARM,2003,100
Armenia,ARM,2004,100
Armenia,ARM,2005,100
Armenia,ARM,2006,100
Armenia,ARM,2007,100
Armenia,ARM,2008,100
Armenia,ARM,2009,100
Armenia,ARM,2010,100
Armenia,ARM,2011,100
Armenia,ARM,2012,100
Armenia,ARM,2013,100
Armenia,ARM,2014,100
Armenia,ARM,2015,100
Armenia,ARM,2016,100
Armenia,ARM,2017,100
Armenia,ARM,2018,100
Armenia,ARM,2019,100
Armenia,ARM,2020,100
Azerbaijan,AZE,1990,100
Azerbaijan,AZE,1991,100
Azerbaijan,AZE,1992,100
Azerbaijan,AZE,1993,100
Azerbaijan,AZE,1994,100
Azerbaijan,AZE,1995,100
Azerbaijan,AZE,1996,100
Azerbaijan,AZE,1997,100
Azerbaijan,AZE,1998,100
Azerbaijan,AZE,1999,100
Azerbaijan,AZE,2000,100
Azerbaijan,AZE,2001,100
Azerbaijan,AZE,2002,100
Azerbaijan,AZE,2003,100
Azerbaijan,AZE,2004,100
Azerbaijan,AZE,2005,100
Azerbaijan,AZE,2006,100
Azerbaijan,AZE,2007,100
Azerbaijan,AZE,2008,100
Azerbaijan,AZE,2009,100
Azerbaijan,AZE,2010,100
Azerbaijan,AZE,2011,100
Azerbaijan,AZE,2012,100
Azerbaijan,AZE,2013,100
Azerbaijan,AZE,2014,100
Azerbaijan,AZE,2015,100
Azerbaijan,AZE,2016,100
Azerbaijan,AZE,2017,100
Azerbaijan,AZE,2018,100
Azerbaijan,AZE,2019,100
Azerbaijan,AZE,2020,100
Benin,BEN,1990,1100
Benin,BEN,1991,1300
Benin,BEN,1992,1600
Benin,BEN,1993,1800
Benin,BEN,1994,2000
Benin,BEN,1995,2100
Benin,BEN,1996,2300
Benin,BEN,1997,2400
Benin,BEN,1998,2500
Benin,BEN,1999,2500
Benin,BEN,2000,2600
Benin,BEN,2001,2600
Benin,BEN,2002,2600
Benin,BEN,2003,2600
Benin,BEN,2004,2500
Benin,BEN,2005,2500
Benin,BEN,2006,2500
Benin,BEN,2007,2400
Benin,BEN,2008,2100
Benin,BEN,2009,2000
Benin,BEN,2010,2000
Benin,BEN,2011,2000
Benin,BEN,2012,1900
Benin,BEN,2013,1900
Benin,BEN,2014,1800
Benin,BEN,2015,1500
Benin,BEN,2016,1200
Benin,BEN,2017,1300
Benin,BEN,2018,1100
Benin,BEN,2019,810
Benin,BEN,2020,670
Bolivia,BOL,1990,100
Bolivia,BOL,1991,100
Bolivia,BOL,1992,100
Bolivia,BOL,1993,100
Bolivia,BOL,1994,100
Bolivia,BOL,1995,100
Bolivia,BOL,1996,200
Bolivia,BOL,1997,200
Bolivia,BOL,1998,200
Bolivia,BOL,1999,200
Bolivia,BOL,2000,200
Bolivia,BOL,2001,200
Bolivia,BOL,2002,200
Bolivia,BOL,2003,200
Bolivia,BOL,2004,200
Bolivia,BOL,2005,200
Bolivia,BOL,2006,200
Bolivia,BOL,2007,200
Bolivia,BOL,2008,200
Bolivia,BOL,2009,200
Bolivia,BOL,2010,100
Bolivia,BOL,2011,100
Bolivia,BOL,2012,100
Bolivia,BOL,2013,100
Bolivia,BOL,2014,100
Bolivia,BOL,2015,100
Bolivia,BOL,2016,100
Bolivia,BOL,2017,100
Bolivia,BOL,2018,100
Bolivia,BOL,2019,100
Bolivia,BOL,2020,100
Botswana,BWA,1990,1200
Botswana,BWA,1991,1800
Botswana,BWA,1992,2500
Botswana,BWA,1993,3100
Botswana,BWA,1994,3700
Botswana,BWA,1995,4200
Botswana,BWA,1996,4700
Botswana,BWA,1997,4900
Botswana,BWA,1998,5100
Botswana,BWA,1999,5200
Botswana,BWA,2000,4800
Botswana,BWA,2001,4300
Botswana,BWA,2002,4000
Botswana,BWA,2003,3600
Botswana,BWA,2004,3100
Botswana,BWA,2005,2100
Botswana,BWA,2006,1600
Botswana,BWA,2007,1700
Botswana,BWA,2008,1600
Botswana,BWA,2009,1200
Botswana,BWA,2010,1300
Botswana,BWA,2011,1500
Botswana,BWA,2012,870
Botswana,BWA,2013,700
Botswana,BWA,2014,870
Botswana,BWA,2015,760
Botswana,BWA,2016,760
Botswana,BWA,2017,500
Botswana,BWA,2018,500
Botswana,BWA,2019,500
Botswana,BWA,2020,500
Burkina Faso,BFA,1990,8100
Burkina Faso,BFA,1991,8700
Burkina Faso,BFA,1992,9300
Burkina Faso,BFA,1993,9600
Burkina Faso,BFA,1994,9700
Burkina Faso,BFA,1995,9700
Burkina Faso,BFA,1996,9600
Burkina Faso,BFA,1997,9300
Burkina Faso,BFA,1998,9000
Burkina Faso,BFA,1999,8700
Burkina Faso,BFA,2000,8200
Burkina Faso,BFA,2001,7800
Burkina Faso,BFA,2002,7300
Burkina Faso,BFA,2003,6900
Burkina Faso,BFA,2004,6400
Burkina Faso,BFA,2005,6000
Burkina Faso,BFA,2006,5600
Burkina Faso,BFA,2007,5100
Burkina Faso,BFA,2008,4900
Burkina Faso,BFA,2009,4400
Burkina Faso,BFA,2010,4200
Burkina Faso,BFA,2011,3900
Burkina Faso,BFA,2012,3800
Burkina Faso,BFA,2013,3700
Burkina Faso,BFA,2014,3400
Burkina Faso,BFA,2015,1300
Burkina Faso,BFA,2016,1300
Burkina Faso,BFA,2017,1200
Burkina Faso,BFA,2018,1300
Burkina Faso,BFA,2019,1100
Burkina Faso,BFA,2020,1300
Burundi,BDI,1990,5900
Burundi,BDI,1991,6400
Burundi,BDI,1992,6800
Burundi,BDI,1993,6900
Burundi,BDI,1994,6800
Burundi,BDI,1995,6600
Burundi,BDI,1996,6300
Burundi,BDI,1997,5900
Burundi,BDI,1998,5600
Burundi,BDI,1999,5200
Burundi,BDI,2000,4900
Burundi,BDI,2001,4500
Burundi,BDI,2002,4200
Burundi,BDI,2003,3900
Burundi,BDI,2004,3600
Burundi,BDI,2005,3200
Burundi,BDI,2006,2900
Burundi,BDI,2007,2800
Burundi,BDI,2008,2500
Burundi,BDI,2009,2400
Burundi,BDI,2010,1900
Burundi,BDI,2011,1800
Burundi,BDI,2012,1700
Burundi,BDI,2013,1500
Burundi,BDI,2014,1300
Burundi,BDI,2015,1200
Burundi,BDI,2016,930
Burundi,BDI,2017,960
Burundi,BDI,2018,980
Burundi,BDI,2019,920
Burundi,BDI,2020,950
Cambodia,KHM,1990,100
Cambodia,KHM,1991,100
Cambodia,KHM,1992,200
Cambodia,KHM,1993,500
Cambodia,KHM,1994,540
Cambodia,KHM,1995,780
Cambodia,KHM,1996,960
Cambodia,KHM,1997,1100
Cambodia,KHM,1998,1200
Cambodia,KHM,1999,1200
Cambodia,KHM,2000,1100
Cambodia,KHM,2001,1100
Cambodia,KHM,2002,1000
Cambodia,KHM,2003,940
Cambodia,KHM,2004,890
Cambodia,KHM,2005,830
Cambodia,KHM,2006,750
Cambodia,KHM,2007,630
Cambodia,KHM,2008,560
Cambodia,KHM,2009,500
Cambodia,KHM,2010,500
Cambodia,KHM,2011,500
Cambodia,KHM,2012,500
Cambodia,KHM,2013,500
Cambodia,KHM,2014,500
Cambodia,KHM,2015,200
Cambodia,KHM,2016,200
Cambodia,KHM,2017,200
Cambodia,KHM,2018,200
Cambodia,KHM,2019,200
Cambodia,KHM,2020,100
Cameroon,CMR,1990,2000
Cameroon,CMR,1991,2600
Cameroon,CMR,1992,3500
Cameroon,CMR,1993,4500
Cameroon,CMR,1994,5600
Cameroon,CMR,1995,6700
Cameroon,CMR,1996,7900
Cameroon,CMR,1997,9100
Cameroon,CMR,1998,10000
Cameroon,CMR,1999,11000
Cameroon,CMR,2000,12000
Cameroon,CMR,2001,12000
Cameroon,CMR,2002,12000
Cameroon,CMR,2003,12000
Cameroon,CMR,2004,12000
Cameroon,CMR,2005,12000
Cameroon,CMR,2006,12000
Cameroon,CMR,2007,11000
Cameroon,CMR,2008,11000
Cameroon,CMR,2009,10000
Cameroon,CMR,2010,8300
Cameroon,CMR,2011,7700
Cameroon,CMR,2012,6600
Cameroon,CMR,2013,5000
Cameroon,CMR,2014,5100
Cameroon,CMR,2015,4000
Cameroon,CMR,2016,4700
Cameroon,CMR,2017,4300
Cameroon,CMR,2018,4200
Cameroon,CMR,2019,4900
Cameroon,CMR,2020,4500
Chad,TCD,1990,1400
Chad,TCD,1991,1800
Chad,TCD,1992,2100
Chad,TCD,1993,2400
Chad,TCD,1994,2700
Chad,TCD,1995,3000
Chad,TCD,1996,3200
Chad,TCD,1997,3400
Chad,TCD,1998,3500
Chad,TCD,1999,3600
Chad,TCD,2000,3600
Chad,TCD,2001,3700
Chad,TCD,2002,3700
Chad,TCD,2003,3600
Chad,TCD,2004,3600
Chad,TCD,2005,3500
Chad,TCD,2006,3300
Chad,TCD,2007,3200
Chad,TCD,2008,3100
Chad,TCD,2009,2900
Chad,TCD,2010,2600
Chad,TCD,2011,2500
Chad,TCD,2012,2300
Chad,TCD,2013,1800
Chad,TCD,2014,1300
Chad,TCD,2015,1700
Chad,TCD,2016,1700
Chad,TCD,2017,1600
Chad,TCD,2018,1300
Chad,TCD,2019,1100
Chad,TCD,2020,1000
Colombia,COL,1990,500
Colombia,COL,1991,500
Colombia,COL,1992,500
Colombia,COL,1993,500
Colombia,COL,1994,500
Colombia,COL,1995,530
Colombia,COL,1996,560
Colombia,COL,1997,580
Colombia,COL,1998,590
Colombia,COL,1999,590
Colombia,COL,2000,580
Colombia,COL,2001,570
Colombia,COL,2002,560
Colombia,COL,2003,520
Colombia,COL,2004,500
Colombia,COL,2005,500
Colombia,COL,2006,500
Colombia,COL,2007,500
Colombia,COL,2008,500
Colombia,COL,2009,500
Colombia,COL,2010,500
Colombia,COL,2011,500
Colombia,COL,2012,200
Colombia,COL,2013,200
Colombia,COL,2014,200
Colombia,COL,2015,200
Colombia,COL,2016,200
Colombia,COL,2017,200
Colombia,COL,2018,200
Colombia,COL,2019,200
Colombia,COL,2020,200
Congo,COG,1990,1500
Congo,COG,1991,1700
Congo,COG,1992,1800
Congo,COG,1993,1900
Congo,COG,1994,2000
Congo,COG,1995,2000
Congo,COG,1996,2100
Congo,COG,1997,2100
Congo,COG,1998,2100
Congo,COG,1999,2200
Congo,COG,2000,2100
Congo,COG,2001,2100
Congo,COG,2002,2100
Congo,COG,2003,2100
Congo,COG,2004,2000
Congo,COG,2005,2000
Congo,COG,2006,2000
Congo,COG,2007,1900
Congo,COG,2008,1800
Congo,COG,2009,1900
Congo,COG,2010,1800
Congo,COG,2011,1600
Congo,COG,2012,1700
Congo,COG,2013,1700
Congo,COG,2014,1800
Congo,COG,2015,1800
Congo,COG,2016,1900
Congo,COG,2017,2000
Congo,COG,2018,2100
Congo,COG,2019,2100
Congo,COG,2020,2100
Costa Rica,CRI,1990,100
Costa Rica,CRI,1991,100
Costa Rica,CRI,1992,100
Costa Rica,CRI,1993,100
Costa Rica,CRI,1994,100
Costa Rica,CRI,1995,100
Costa Rica,CRI,1996,100
Costa Rica,CRI,1997,100
Costa Rica,CRI,1998,100
Costa Rica,CRI,1999,100
Costa Rica,CRI,2000,100
Costa Rica,CRI,2001,100
Costa Rica,CRI,2002,100
Costa Rica,CRI,2003,100
Costa Rica,CRI,2004,100
Costa Rica,CRI,2005,100
Costa Rica,CRI,2006,100
Costa Rica,CRI,2007,100
Costa Rica,CRI,2008,100
Costa Rica,CRI,2009,100
Costa Rica,CRI,2010,100
Costa Rica,CRI,2011,100
Costa Rica,CRI,2012,100
Costa Rica,CRI,2013,100
Costa Rica,CRI,2014,100
Costa Rica,CRI,2015,100
Costa Rica,CRI,2016,100
Costa Rica,CRI,2017,100
Costa Rica,CRI,2018,100
Costa Rica,CRI,2019,100
Costa Rica,CRI,2020,100
Cote d'Ivoire,CIV,1990,8300
Cote d'Ivoire,CIV,1991,10000
Cote d'Ivoire,CIV,1992,12000
Cote d'Ivoire,CIV,1993,14000
Cote d'Ivoire,CIV,1994,15000
Cote d'Ivoire,CIV,1995,16000
Cote d'Ivoire,CIV,1996,16000
Cote d'Ivoire,CIV,1997,17000
Cote d'Ivoire,CIV,1998,17000
Cote d'Ivoire,CIV,1999,17000
Cote d'Ivoire,CIV,2000,16000
Cote d'Ivoire,CIV,2001,15000
Cote d'Ivoire,CIV,2002,15000
Cote d'Ivoire,CIV,2003,14000
Cote d'Ivoire,CIV,2004,13000
Cote d'Ivoire,CIV,2005,11000
Cote d'Ivoire,CIV,2006,11000
Cote d'Ivoire,CIV,2007,8700
Cote d'Ivoire,CIV,2008,6900
Cote d'Ivoire,CIV,2009,5800
Cote d'Ivoire,CIV,2010,5200
Cote d'Ivoire,CIV,2011,5000
Cote d'Ivoire,CIV,2012,3900
Cote d'Ivoire,CIV,2013,2800
Cote d'Ivoire,CIV,2014,2000
Cote d'Ivoire,CIV,2015,1700
Cote d'Ivoire,CIV,2016,2300
Cote d'Ivoire,CIV,2017,2000
Cote d'Ivoire,CIV,2018,1800
Cote d'Ivoire,CIV,2019,1100
Cote d'Ivoire,CIV,2020,1200
Cuba,CUB,1990,100
Cuba,CUB,1991,100
Cuba,CUB,1992,100
Cuba,CUB,1993,100
Cuba,CUB,1994,100
Cuba,CUB,1995,100
Cuba,CUB,1996,100
Cuba,CUB,1997,100
Cuba,CUB,1998,100
Cuba,CUB,1999,100
Cuba,CUB,2000,100
Cuba,CUB,2001,100
Cuba,CUB,2002,100
Cuba,CUB,2003,100
Cuba,CUB,2004,100
Cuba,CUB,2005,100
Cuba,CUB,2006,100
Cuba,CUB,2007,100
Cuba,CUB,2008,100
Cuba,CUB,2009,100
Cuba,CUB,2010,100
Cuba,CUB,2011,100
Cuba,CUB,2012,100
Cuba,CUB,2013,100
Cuba,CUB,2014,100
Cuba,CUB,2015,100
Cuba,CUB,2016,100
Cuba,CUB,2017,100
Cuba,CUB,2018,100
Cuba,CUB,2019,100
Cuba,CUB,2020,100
Democratic Republic of Congo,COD,1990,13000
Democratic Republic of Congo,COD,1991,15000
Democratic Republic of Congo,COD,1992,17000
Democratic Republic of Congo,COD,1993,18000
Democratic Republic of Congo,COD,1994,19000
Democratic Republic of Congo,COD,1995,20000
Democratic Republic of Congo,COD,1996,20000
Democratic Republic of Congo,COD,1997,21000
Democratic Republic of Congo,COD,1998,21000
Democratic Republic of Congo,COD,1999,21000
Democratic Republic of Congo,COD,2000,20000
Democratic Republic of Congo,COD,2001,20000
Democratic Republic of Congo,COD,2002,20000
Democratic Republic of Congo,COD,2003,19000
Democratic Republic of Congo,COD,2004,19000
Democratic Republic of Congo,COD,2005,18000
Democratic Republic of Congo,COD,2006,18000
Democratic Republic of Congo,COD,2007,17000
Democratic Republic of Congo,COD,2008,17000
Democratic Republic of Congo,COD,2009,16000
Democratic Republic of Congo,COD,2010,15000
Democratic Republic of Congo,COD,2011,15000
Democratic Republic of Congo,COD,2012,14000
Democratic Republic of Congo,COD,2013,12000
Democratic Republic of Congo,COD,2014,11000
Democratic Republic of Congo,COD,2015,10000
Democratic Republic of Congo,COD,2016,9600
Democratic Republic of Congo,COD,2017,9500
Democratic Republic of Congo,COD,2018,9800
Democratic Republic of Congo,COD,2019,8700
Democratic Republic of Congo,COD,2020,8800
Djibouti,DJI,1990,100
Djibouti,DJI,1991,100
Djibouti,DJI,1992,100
Djibouti,DJI,1993,100
Djibouti,DJI,1994,200
Djibouti,DJI,1995,500
Djibouti,DJI,1996,500
Djibouti,DJI,1997,500
Djibouti,DJI,1998,500
Djibouti,DJI,1999,500
Djibouti,DJI,2000,500
Djibouti,DJI,2001,500
Djibouti,DJI,2002,500
Djibouti,DJI,2003,500
Djibouti,DJI,2004,500
Djibouti,DJI,2005,500
Djibouti,DJI,2006,500
Djibouti,DJI,2007,200
Djibouti,DJI,2008,200
Djibouti,DJI,2009,200
Djibouti,DJI,2010,200
Djibouti,DJI,2011,200
Djibouti,DJI,2012,200
Djibouti,DJI,2013,100
Djibouti,DJI,2014,100
Djibouti,DJI,2015,100
Djibouti,DJI,2016,100
Djibouti,DJI,2017,100
Djibouti,DJI,2018,100
Djibouti,DJI,2019,100
Djibouti,DJI,2020,100
Dominican Republic,DOM,1990,500
Dominican Republic,DOM,1991,500
Dominican Republic,DOM,1992,500
Dominican Republic,DOM,1993,540
Dominican Republic,DOM,1994,600
Dominican Republic,DOM,1995,640
Dominican Republic,DOM,1996,670
Dominican Republic,DOM,1997,690
Dominican Republic,DOM,1998,690
Dominican Republic,DOM,1999,680
Dominican Republic,DOM,2000,650
Dominican Republic,DOM,2001,610
Dominican Republic,DOM,2002,560
Dominican Republic,DOM,2003,510
Dominican Republic,DOM,2004,500
Dominican Republic,DOM,2005,500
Dominican Republic,DOM,2006,500
Dominican Republic,DOM,2007,200
Dominican Republic,DOM,2008,500
Dominican Republic,DOM,2009,200
Dominican Republic,DOM,2010,200
Dominican Republic,DOM,2011,200
Dominican Republic,DOM,2012,200
Dominican Republic,DOM,2013,200
Dominican Republic,DOM,2014,100
Dominican Republic,DOM,2015,200
Dominican Republic,DOM,2016,200
Dominican Republic,DOM,2017,200
Dominican Republic,DOM,2018,100
Dominican Republic,DOM,2019,200
Dominican Republic,DOM,2020,200
Ecuador,ECU,1990,100
Ecuador,ECU,1991,100
Ecuador,ECU,1992,100
Ecuador,ECU,1993,100
Ecuador,ECU,1994,100
Ecuador,ECU,1995,200
Ecuador,ECU,1996,200
Ecuador,ECU,1997,200
Ecuador,ECU,1998,200
Ecuador,ECU,1999,200
Ecuador,ECU,2000,200
Ecuador,ECU,2001,200
Ecuador,ECU,2002,200
Ecuador,ECU,2003,200
Ecuador,ECU,2004,200
Ecuador,ECU,2005,200
Ecuador,ECU,2006,200
Ecuador,ECU,2007,200
Ecuador,ECU,2008,200
Ecuador,ECU,2009,200
Ecuador,ECU,2010,200
Ecuador,ECU,2011,200
Ecuador,ECU,2012,200
Ecuador,ECU,2013,200
Ecuador,ECU,2014,200
Ecuador,ECU,2015,200
Ecuador,ECU,2016,200
Ecuador,ECU,2017,200
Ecuador,ECU,2018,200
Ecuador,ECU,2019,100
Ecuador,ECU,2020,200
Egypt,EGY,1990,100
Egypt,EGY,1991,100
Egypt,EGY,1992,100
Egypt,EGY,1993,100
Egypt,EGY,1994,100
Egypt,EGY,1995,100
Egypt,EGY,1996,100
Egypt,EGY,1997,100
Egypt,EGY,1998,100
Egypt,EGY,1999,100
Egypt,EGY,2000,100
Egypt,EGY,2001,100
Egypt,EGY,2002,100
Egypt,EGY,2003,100
Egypt,EGY,2004,100
Egypt,EGY,2005,100
Egypt,EGY,2006,100
Egypt,EGY,2007,100
Egypt,EGY,2008,100
Egypt,EGY,2009,100
Egypt,EGY,2010,100
Egypt,EGY,2011,100
Egypt,EGY,2012,100
Egypt,EGY,2013,100
Egypt,EGY,2014,100
Egypt,EGY,2015,100
Egypt,EGY,2016,100
Egypt,EGY,2017,100
Egypt,EGY,2018,100
Egypt,EGY,2019,100
Egypt,EGY,2020,200
El Salvador,SLV,1990,100
El Salvador,SLV,1991,100
El Salvador,SLV,1992,100
El Salvador,SLV,1993,100
El Salvador,SLV,1994,100
El Salvador,SLV,1995,100
El Salvador,SLV,1996,100
El Salvador,SLV,1997,200
El Salvador,SLV,1998,200
El Salvador,SLV,1999,200
El Salvador,SLV,2000,200
El Salvador,SLV,2001,200
El Salvador,SLV,2002,200
El Salvador,SLV,2003,100
El Salvador,SLV,2004,100
El Salvador,SLV,2005,100
El Salvador,SLV,2006,100
El Salvador,SLV,2007,200
El Salvador,SLV,2008,100
El Salvador,SLV,2009,200
El Salvador,SLV,2010,200
El Salvador,SLV,2011,100
El Salvador,SLV,2012,100
El Salvador,SLV,2013,100
El Salvador,SLV,2014,100
El Salvador,SLV,2015,100
El Salvador,SLV,2016,100
El Salvador,SLV,2017,100
El Salvador,SLV,2018,100
El Salvador,SLV,2019,100
El Salvador,SLV,2020,100
Eritrea,ERI,1990,500
Eritrea,ERI,1991,500
Eritrea,ERI,1992,500
Eritrea,ERI,1993,500
Eritrea,ERI,1994,500
Eritrea,ERI,1995,500
Eritrea,ERI,1996,500
Eritrea,ERI,1997,500
Eritrea,ERI,1998,500
Eritrea,ERI,1999,500
Eritrea,ERI,2000,500
Eritrea,ERI,2001,500
Eritrea,ERI,2002,500
Eritrea,ERI,2003,500
Eritrea,ERI,2004,500
Eritrea,ERI,2005,500
Eritrea,ERI,2006,500
Eritrea,ERI,2007,500
Eritrea,ERI,2008,200
Eritrea,ERI,2009,200
Eritrea,ERI,2010,200
Eritrea,ERI,2011,200
Eritrea,ERI,2012,100
Eritrea,ERI,2013,100
Eritrea,ERI,2014,100
Eritrea,ERI,2015,100
Eritrea,ERI,2016,100
Eritrea,ERI,2017,100
Eritrea,ERI,2018,100
Eritrea,ERI,2019,100
Eritrea,ERI,2020,100
Eswatini,SWZ,1990,200
Eswatini,SWZ,1991,500
Eswatini,SWZ,1992,650
Eswatini,SWZ,1993,1100
Eswatini,SWZ,1994,1500
Eswatini,SWZ,1995,2000
Eswatini,SWZ,1996,2400
Eswatini,SWZ,1997,2700
Eswatini,SWZ,1998,2900
Eswatini,SWZ,1999,3100
Eswatini,SWZ,2000,3300
Eswatini,SWZ,2001,3400
Eswatini,SWZ,2002,3500
Eswatini,SWZ,2003,3600
Eswatini,SWZ,2004,3600
Eswatini,SWZ,2005,3600
Eswatini,SWZ,2006,2900
Eswatini,SWZ,2007,2900
Eswatini,SWZ,2008,2900
Eswatini,SWZ,2009,2000
Eswatini,SWZ,2010,1600
Eswatini,SWZ,2011,1100
Eswatini,SWZ,2012,1000
Eswatini,SWZ,2013,940
Eswatini,SWZ,2014,1000
Eswatini,SWZ,2015,730
Eswatini,SWZ,2016,600
Eswatini,SWZ,2017,690
Eswatini,SWZ,2018,500
Eswatini,SWZ,2019,500
Eswatini,SWZ,2020,500
Ethiopia,ETH,1990,16000
Ethiopia,ETH,1991,20000
Ethiopia,ETH,1992,23000
Ethiopia,ETH,1993,25000
Ethiopia,ETH,1994,26000
Ethiopia,ETH,1995,27000
Ethiopia,ETH,1996,28000
Ethiopia,ETH,1997,28000
Ethiopia,ETH,1998,27000
Ethiopia,ETH,1999,26000
Ethiopia,ETH,2000,24000
Ethiopia,ETH,2001,22000
Ethiopia,ETH,2002,20000
Ethiopia,ETH,2003,18000
Ethiopia,ETH,2004,17000
Ethiopia,ETH,2005,15000
Ethiopia,ETH,2006,14000
Ethiopia,ETH,2007,13000
Ethiopia,ETH,2008,11000
Ethiopia,ETH,2009,10000
Ethiopia,ETH,2010,8900
Ethiopia,ETH,2011,7600
Ethiopia,ETH,2012,6000
Ethiopia,ETH,2013,5100
Ethiopia,ETH,2014,4900
Ethiopia,ETH,2015,4500
Ethiopia,ETH,2016,4700
Ethiopia,ETH,2017,4600
Ethiopia,ETH,2018,3900
Ethiopia,ETH,2019,3300
Ethiopia,ETH,2020,2800
Gabon,GAB,1990,200
Gabon,GAB,1991,500
Gabon,GAB,1992,500
Gabon,GAB,1993,500
Gabon,GAB,1994,510
Gabon,GAB,1995,620
Gabon,GAB,1996,720
Gabon,GAB,1997,800
Gabon,GAB,1998,870
Gabon,GAB,1999,910
Gabon,GAB,2000,940
Gabon,GAB,2001,950
Gabon,GAB,2002,950
Gabon,GAB,2003,950
Gabon,GAB,2004,930
Gabon,GAB,2005,920
Gabon,GAB,2006,910
Gabon,GAB,2007,830
Gabon,GAB,2008,780
Gabon,GAB,2009,780
Gabon,GAB,2010,730
Gabon,GAB,2011,680
Gabon,GAB,2012,620
Gabon,GAB,2013,540
Gabon,GAB,2014,570
Gabon,GAB,2015,510
Gabon,GAB,2016,500
Gabon,GAB,2017,500
Gabon,GAB,2018,500
Gabon,GAB,2019,500
Gabon,GAB,2020,500
Gambia,GMB,1990,100
Gambia,GMB,1991,100
Gambia,GMB,1992,100
Gambia,GMB,1993,100
Gambia,GMB,1994,200
Gambia,GMB,1995,200
Gambia,GMB,1996,500
Gambia,GMB,1997,500
Gambia,GMB,1998,500
Gambia,GMB,1999,500
Gambia,GMB,2000,500
Gambia,GMB,2001,500
Gambia,GMB,2002,500
Gambia,GMB,2003,500
Gambia,GMB,2004,500
Gambia,GMB,2005,500
Gambia,GMB,2006,500
Gambia,GMB,2007,500
Gambia,GMB,2008,500
Gambia,GMB,2009,500
Gambia,GMB,2010,500
Gambia,GMB,2011,500
Gambia,GMB,2012,500
Gambia,GMB,2013,500
Gambia,GMB,2014,500
Gambia,GMB,2015,500
Gambia,GMB,2016,500
Gambia,GMB,2017,500
Gambia,GMB,2018,500
Gambia,GMB,2019,500
Gambia,GMB,2020,500
Georgia,GEO,1990,100
Georgia,GEO,1991,100
Georgia,GEO,1992,100
Georgia,GEO,1993,100
Georgia,GEO,1994,100
Georgia,GEO,1995,100
Georgia,GEO,1996,100
Georgia,GEO,1997,100
Georgia,GEO,1998,100
Georgia,GEO,1999,100
Georgia,GEO,2000,100
Georgia,GEO,2001,100
Georgia,GEO,2002,100
Georgia,GEO,2003,100
Georgia,GEO,2004,100
Georgia,GEO,2005,100
Georgia,GEO,2006,100
Georgia,GEO,2007,100
Georgia,GEO,2008,100
Georgia,GEO,2009,100
Georgia,GEO,2010,100
Georgia,GEO,2011,100
Georgia,GEO,2012,100
Georgia,GEO,2013,100
Georgia,GEO,2014,100
Georgia,GEO,2015,100
Georgia,GEO,2016,100
Georgia,GEO,2017,100
Georgia,GEO,2018,100
Georgia,GEO,2019,100
Georgia,GEO,2020,100
Ghana,GHA,1990,4100
Ghana,GHA,1991,5000
Ghana,GHA,1992,5800
Ghana,GHA,1993,6600
Ghana,GHA,1994,7100
Ghana,GHA,1995,7600
Ghana,GHA,1996,8000
Ghana,GHA,1997,8300
Ghana,GHA,1998,8400
Ghana,GHA,1999,8500
Ghana,GHA,2000,8500
Ghana,GHA,2001,8400
Ghana,GHA,2002,8300
Ghana,GHA,2003,8200
Ghana,GHA,2004,8000
Ghana,GHA,2005,7700
Ghana,GHA,2006,7500
Ghana,GHA,2007,6500
Ghana,GHA,2008,6000
Ghana,GHA,2009,6200
Ghana,GHA,2010,5600
Ghana,GHA,2011,4900
Ghana,GHA,2012,4600
Ghana,GHA,2013,5100
Ghana,GHA,2014,4800
Ghana,GHA,2015,4900
Ghana,GHA,2016,4600
Ghana,GHA,2017,4400
Ghana,GHA,2018,4100
Ghana,GHA,2019,4000
Ghana,GHA,2020,3700
Guatemala,GTM,1990,100
Guatemala,GTM,1991,100
Guatemala,GTM,1992,200
Guatemala,GTM,1993,200
Guatemala,GTM,1994,500
Guatemala,GTM,1995,500
Guatemala,GTM,1996,500
Guatemala,GTM,1997,500
Guatemala,GTM,1998,500
Guatemala,GTM,1999,560
Guatemala,GTM,2000,620
Guatemala,GTM,2001,670
Guatemala,GTM,2002,710
Guatemala,GTM,2003,740
Guatemala,GTM,2004,740
Guatemala,GTM,2005,730
Guatemala,GTM,2006,610
Guatemala,GTM,2007,600
Guatemala,GTM,2008,590
Guatemala,GTM,2009,530
Guatemala,GTM,2010,550
Guatemala,GTM,2011,500
Guatemala,GTM,2012,500
Guatemala,GTM,2013,500
Guatemala,GTM,2014,500
Guatemala,GTM,2015,500
Guatemala,GTM,2016,500
Guatemala,GTM,2017,500
Guatemala,GTM,2018,500
Guatemala,GTM,2019,500
Guatemala,GTM,2020,500
Guinea,GIN,1990,720
Guinea,GIN,1991,900
Guinea,GIN,1992,1100
Guinea,GIN,1993,1300
Guinea,GIN,1994,1500
Guinea,GIN,1995,1700
Guinea,GIN,1996,1800
Guinea,GIN,1997,2000
Guinea,GIN,1998,2100
Guinea,GIN,1999,2200
Guinea,GIN,2000,2300
Guinea,GIN,2001,2300
Guinea,GIN,2002,2300
Guinea,GIN,2003,2300
Guinea,GIN,2004,2300
Guinea,GIN,2005,2300
Guinea,GIN,2006,2300
Guinea,GIN,2007,2000
Guinea,GIN,2008,2000
Guinea,GIN,2009,2000
Guinea,GIN,2010,1900
Guinea,GIN,2011,1700
Guinea,GIN,2012,1600
Guinea,GIN,2013,1000
Guinea,GIN,2014,1400
Guinea,GIN,2015,1800
Guinea,GIN,2016,1600
Guinea,GIN,2017,1600
Guinea,GIN,2018,1400
Guinea,GIN,2019,1300
Guinea,GIN,2020,920
Guinea-Bissau,GNB,1990,100
Guinea-Bissau,GNB,1991,100
Guinea-Bissau,GNB,1992,200
Guinea-Bissau,GNB,1993,200
Guinea-Bissau,GNB,1994,500
Guinea-Bissau,GNB,1995,500
Guinea-Bissau,GNB,1996,500
Guinea-Bissau,GNB,1997,540
Guinea-Bissau,GNB,1998,640
Guinea-Bissau,GNB,1999,730
Guinea-Bissau,GNB,2000,810
Guinea-Bissau,GNB,2001,870
Guinea-Bissau,GNB,2002,910
Guinea-Bissau,GNB,2003,930
Guinea-Bissau,GNB,2004,950
Guinea-Bissau,GNB,2005,960
Guinea-Bissau,GNB,2006,910
Guinea-Bissau,GNB,2007,910
Guinea-Bissau,GNB,2008,930
Guinea-Bissau,GNB,2009,880
Guinea-Bissau,GNB,2010,850
Guinea-Bissau,GNB,2011,790
Guinea-Bissau,GNB,2012,700
Guinea-Bissau,GNB,2013,580
Guinea-Bissau,GNB,2014,500
Guinea-Bissau,GNB,2015,500
Guinea-Bissau,GNB,2016,510
Guinea-Bissau,GNB,2017,500
Guinea-Bissau,GNB,2018,560
Guinea-Bissau,GNB,2019,500
Guinea-Bissau,GNB,2020,500
Guyana,GUY,1990,100
Guyana,GUY,1991,100
Guyana,GUY,1992,100
Guyana,GUY,1993,100
Guyana,GUY,1994,100
Guyana,GUY,1995,100
Guyana,GUY,1996,100
Guyana,GUY,1997,100
Guyana,GUY,1998,100
Guyana,GUY,1999,100
Guyana,GUY,2000,100
Guyana,GUY,2001,100
Guyana,GUY,2002,100
Guyana,GUY,2003,100
Guyana,GUY,2004,100
Guyana,GUY,2005,100
Guyana,GUY,2006,100
Guyana,GUY,2007,100
Guyana,GUY,2008,100
Guyana,GUY,2009,100
Guyana,GUY,2010,100
Guyana,GUY,2011,100
Guyana,GUY,2012,100
Guyana,GUY,2013,100
Guyana,GUY,2014,100
Guyana,GUY,2015,100
Guyana,GUY,2016,100
Guyana,GUY,2017,100
Guyana,GUY,2018,100
Guyana,GUY,2019,100
Guyana,GUY,2020,100
Haiti,HTI,1990,2200
Haiti,HTI,1991,2500
Haiti,HTI,1992,2800
Haiti,HTI,1993,2900
Haiti,HTI,1994,3000
Haiti,HTI,1995,3100
Haiti,HTI,1996,3100
Haiti,HTI,1997,3100
Haiti,HTI,1998,3100
Haiti,HTI,1999,3000
Haiti,HTI,2000,3000
Haiti,HTI,2001,2900
Haiti,HTI,2002,2800
Haiti,HTI,2003,2700
Haiti,HTI,2004,2600
Haiti,HTI,2005,2300
Haiti,HTI,2006,2100
Haiti,HTI,2007,1700
Haiti,HTI,2008,1600
Haiti,HTI,2009,1400
Haiti,HTI,2010,1600
Haiti,HTI,2011,1100
Haiti,HTI,2012,880
Haiti,HTI,2013,910
Haiti,HTI,2014,1100
Haiti,HTI,2015,1100
Haiti,HTI,2016,1100
Haiti,HTI,2017,1000
Haiti,HTI,2018,900
Haiti,HTI,2019,860
Haiti,HTI,2020,960
Honduras,HND,1990,500
Honduras,HND,1991,570
Honduras,HND,1992,640
Honduras,HND,1993,690
Honduras,HND,1994,730
Honduras,HND,1995,760
Honduras,HND,1996,760
Honduras,HND,1997,750
Honduras,HND,1998,710
Honduras,HND,1999,670
Honduras,HND,2000,620
Honduras,HND,2001,550
Honduras,HND,2002,500
Honduras,HND,2003,500
Honduras,HND,2004,500
Honduras,HND,2005,500
Honduras,HND,2006,500
Honduras,HND,2007,500
Honduras,HND,2008,200
Honduras,HND,2009,200
Honduras,HND,2010,200
Honduras,HND,2011,200
Honduras,HND,2012,200
Honduras,HND,2013,200
Honduras,HND,2014,200
Honduras,HND,2015,200
Honduras,HND,2016,200
Honduras,HND,2017,100
Honduras,HND,2018,100
Honduras,HND,2019,100
Honduras,HND,2020,100
Indonesia,IDN,1990,100
Indonesia,IDN,1991,100
Indonesia,IDN,1992,100
Indonesia,IDN,1993,100
Indonesia,IDN,1994,100
Indonesia,IDN,1995,100
Indonesia,IDN,1996,100
Indonesia,IDN,1997,100
Indonesia,IDN,1998,200
Indonesia,IDN,1999,200
Indonesia,IDN,2000,500
Indonesia,IDN,2001,500
Indonesia,IDN,2002,600
Indonesia,IDN,2003,890
Indonesia,IDN,2004,1200
Indonesia,IDN,2005,1500
Indonesia,IDN,2006,1900
Indonesia,IDN,2007,2200
Indonesia,IDN,2008,2500
Indonesia,IDN,2009,2800
Indonesia,IDN,2010,3100
Indonesia,IDN,2011,3400
Indonesia,IDN,2012,3500
Indonesia,IDN,2013,3600
Indonesia,IDN,2014,3700
Indonesia,IDN,2015,3700
Indonesia,IDN,2016,3600
Indonesia,IDN,2017,3500
Indonesia,IDN,2018,3400
Indonesia,IDN,2019,3300
Indonesia,IDN,2020,3200
Iran,IRN,1990,100
Iran,IRN,1991,100
Iran,IRN,1992,100
Iran,IRN,1993,100
Iran,IRN,1994,100
Iran,IRN,1995,100
Iran,IRN,1996,100
Iran,IRN,1997,100
Iran,IRN,1998,100
Iran,IRN,1999,100
Iran,IRN,2000,100
Iran,IRN,2001,100
Iran,IRN,2002,200
Iran,IRN,2003,200
Iran,IRN,2004,200
Iran,IRN,2005,200
Iran,IRN,2006,200
Iran,IRN,2007,200
Iran,IRN,2008,200
Iran,IRN,2009,200
Iran,IRN,2010,200
Iran,IRN,2011,200
Iran,IRN,2012,200
Iran,IRN,2013,200
Iran,IRN,2014,100
Iran,IRN,2015,200
Iran,IRN,2016,200
Iran,IRN,2017,100
Iran,IRN,2018,100
Iran,IRN,2019,100
Iran,IRN,2020,100
Jamaica,JAM,1990,200
Jamaica,JAM,1991,200
Jamaica,JAM,1992,200
Jamaica,JAM,1993,500
Jamaica,JAM,1994,500
Jamaica,JAM,1995,500
Jamaica,JAM,1996,500
Jamaica,JAM,1997,500
Jamaica,JAM,1998,500
Jamaica,JAM,1999,500
Jamaica,JAM,2000,500
Jamaica,JAM,2001,500
Jamaica,JAM,2002,500
Jamaica,JAM,2003,500
Jamaica,JAM,2004,500
Jamaica,JAM,2005,200
Jamaica,JAM,2006,200
Jamaica,JAM,2007,200
Jamaica,JAM,2008,100
Jamaica,JAM,2009,200
Jamaica,JAM,2010,100
Jamaica,JAM,2011,200
Jamaica,JAM,2012,200
Jamaica,JAM,2013,100
Jamaica,JAM,2014,100
Jamaica,JAM,2015,100
Jamaica,JAM,2016,100
Jamaica,JAM,2017,100
Jamaica,JAM,2018,100
Jamaica,JAM,2019,100
Jamaica,JAM,2020,100
Kazakhstan,KAZ,1990,100
Kazakhstan,KAZ,1991,100
Kazakhstan,KAZ,1992,100
Kazakhstan,KAZ,1993,100
Kazakhstan,KAZ,1994,100
Kazakhstan,KAZ,1995,100
Kazakhstan,KAZ,1996,100
Kazakhstan,KAZ,1997,100
Kazakhstan,KAZ,1998,100
Kazakhstan,KAZ,1999,100
Kazakhstan,KAZ,2000,100
Kazakhstan,KAZ,2001,100
Kazakhstan,KAZ,2002,100
Kazakhstan,KAZ,2003,100
Kazakhstan,KAZ,2004,100
Kazakhstan,KAZ,2005,100
Kazakhstan,KAZ,2006,200
Kazakhstan,KAZ,2007,200
Kazakhstan,KAZ,2008,100
Kazakhstan,KAZ,2009,100
Kazakhstan,KAZ,2010,100
Kazakhstan,KAZ,2011,100
Kazakhstan,KAZ,2012,100
Kazakhstan,KAZ,2013,100
Kazakhstan,KAZ,2014,100
Kazakhstan,KAZ,2015,100
Kazakhstan,KAZ,2016,100
Kazakhstan,KAZ,2017,100
Kazakhstan,KAZ,2018,100
Kazakhstan,KAZ,2019,100
Kazakhstan,KAZ,2020,100
Kenya,KEN,1990,23000
Kenya,KEN,1991,29000
Kenya,KEN,1992,35000
Kenya,KEN,1993,39000
Kenya,KEN,1994,43000
Kenya,KEN,1995,44000
Kenya,KEN,1996,45000
Kenya,KEN,1997,45000
Kenya,KEN,1998,45000
Kenya,KEN,1999,44000
Kenya,KEN,2000,43000
Kenya,KEN,2001,41000
Kenya,KEN,2002,39000
Kenya,KEN,2003,37000
Kenya,KEN,2004,35000
Kenya,KEN,2005,31000
Kenya,KEN,2006,28000
Kenya,KEN,2007,26000
Kenya,KEN,2008,18000
Kenya,KEN,2009,17000
Kenya,KEN,2010,15000
Kenya,KEN,2011,11000
Kenya,KEN,2012,12000
Kenya,KEN,2013,12000
Kenya,KEN,2014,10000
Kenya,KEN,2015,6800
Kenya,KEN,2016,6400
Kenya,KEN,2017,6600
Kenya,KEN,2018,5400
Kenya,KEN,2019,5500
Kenya,KEN,2020,5200
Kyrgyzstan,KGZ,1990,100
Kyrgyzstan,KGZ,1991,100
Kyrgyzstan,KGZ,1992,100
Kyrgyzstan,KGZ,1993,100
Kyrgyzstan,KGZ,1994,100
Kyrgyzstan,KGZ,1995,100
Kyrgyzstan,KGZ,1996,100
Kyrgyzstan,KGZ,1997,100
Kyrgyzstan,KGZ,1998,100
Kyrgyzstan,KGZ,1999,100
Kyrgyzstan,KGZ,2000,100
Kyrgyzstan,KGZ,2001,100
Kyrgyzstan,KGZ,2002,100
Kyrgyzstan,KGZ,2003,100
Kyrgyzstan,KGZ,2004,100
Kyrgyzstan,KGZ,2005,100
Kyrgyzstan,KGZ,2006,100
Kyrgyzstan,KGZ,2007,100
Kyrgyzstan,KGZ,2008,100
Kyrgyzstan,KGZ,2009,100
Kyrgyzstan,KGZ,2010,100
Kyrgyzstan,KGZ,2011,100
Kyrgyzstan,KGZ,2012,200
Kyrgyzstan,KGZ,2013,100
Kyrgyzstan,KGZ,2014,100
Kyrgyzstan,KGZ,2015,100
Kyrgyzstan,KGZ,2016,100
Kyrgyzstan,KGZ,2017,100
Kyrgyzstan,KGZ,2018,100
Kyrgyzstan,KGZ,2019,100
Kyrgyzstan,KGZ,2020,100
Laos,LAO,1990,100
Laos,LAO,1991,100
Laos,LAO,1992,100
Laos,LAO,1993,100
Laos,LAO,1994,100
Laos,LAO,1995,100
Laos,LAO,1996,100
Laos,LAO,1997,100
Laos,LAO,1998,100
Laos,LAO,1999,100
Laos,LAO,2000,100
Laos,LAO,2001,100
Laos,LAO,2002,100
Laos,LAO,2003,100
Laos,LAO,2004,100
Laos,LAO,2005,100
Laos,LAO,2006,100
Laos,LAO,2007,100
Laos,LAO,2008,100
Laos,LAO,2009,100
Laos,LAO,2010,100
Laos,LAO,2011,100
Laos,LAO,2012,100
Laos,LAO,2013,100
Laos,LAO,2014,100
Laos,LAO,2015,100
Laos,LAO,2016,100
Laos,LAO,2017,100
Laos,LAO,2018,100
Laos,LAO,2019,100
Laos,LAO,2020,100
Lesotho,LSO,1990,520
Lesotho,LSO,1991,850
Lesotho,LSO,1992,1300
Lesotho,LSO,1993,1900
Lesotho,LSO,1994,2600
Lesotho,LSO,1995,3200
Lesotho,LSO,1996,3700
Lesotho,LSO,1997,4100
Lesotho,LSO,1998,4300
Lesotho,LSO,1999,4400
Lesotho,LSO,2000,4500
Lesotho,LSO,2001,4500
Lesotho,LSO,2002,4500
Lesotho,LSO,2003,4500
Lesotho,LSO,2004,4400
Lesotho,LSO,2005,4300
Lesotho,LSO,2006,4000
Lesotho,LSO,2007,3100
Lesotho,LSO,2008,3000
Lesotho,LSO,2009,2200
Lesotho,LSO,2010,1700
Lesotho,LSO,2011,1000
Lesotho,LSO,2012,980
Lesotho,LSO,2013,990
Lesotho,LSO,2014,890
Lesotho,LSO,2015,690
Lesotho,LSO,2016,600
Lesotho,LSO,2017,660
Lesotho,LSO,2018,580
Lesotho,LSO,2019,600
Lesotho,LSO,2020,500
Liberia,LBR,1990,620
Liberia,LBR,1991,760
Liberia,LBR,1992,770
Liberia,LBR,1993,820
Liberia,LBR,1994,870
Liberia,LBR,1995,920
Liberia,LBR,1996,980
Liberia,LBR,1997,1000
Liberia,LBR,1998,1100
Liberia,LBR,1999,1200
Liberia,LBR,2000,1200
Liberia,LBR,2001,1200
Liberia,LBR,2002,1100
Liberia,LBR,2003,1100
Liberia,LBR,2004,1000
Liberia,LBR,2005,970
Liberia,LBR,2006,930
Liberia,LBR,2007,890
Liberia,LBR,2008,780
Liberia,LBR,2009,750
Liberia,LBR,2010,660
Liberia,LBR,2011,560
Liberia,LBR,2012,520
Liberia,LBR,2013,550
Liberia,LBR,2014,530
Liberia,LBR,2015,500
Liberia,LBR,2016,500
Liberia,LBR,2017,500
Liberia,LBR,2018,500
Liberia,LBR,2019,500
Liberia,LBR,2020,500
Libya,LBY,1990,100
Libya,LBY,1991,100
Libya,LBY,1992,100
Libya,LBY,1993,100
Libya,LBY,1994,100
Libya,LBY,1995,100
Libya,LBY,1996,100
Libya,LBY,1997,100
Libya,LBY,1998,100
Libya,LBY,1999,100
Libya,LBY,2000,100
Libya,LBY,2001,100
Libya,LBY,2002,100
Libya,LBY,2003,100
Libya,LBY,2004,100
Libya,LBY,2005,100
Libya,LBY,2006,100
Libya,LBY,2007,100
Libya,LBY,2008,100
Libya,LBY,2009,100
Libya,LBY,2010,100
Libya,LBY,2011,100
Libya,LBY,2012,100
Libya,LBY,2013,100
Libya,LBY,2014,100
Libya,LBY,2015,100
Libya,LBY,2016,100
Libya,LBY,2017,100
Libya,LBY,2018,100
Libya,LBY,2019,100
Libya,LBY,2020,100
Madagascar,MDG,1990,100
Madagascar,MDG,1991,100
Madagascar,MDG,1992,100
Madagascar,MDG,1993,100
Madagascar,MDG,1994,100
Madagascar,MDG,1995,100
Madagascar,MDG,1996,100
Madagascar,MDG,1997,100
Madagascar,MDG,1998,100
Madagascar,MDG,1999,100
Madagascar,MDG,2000,100
Madagascar,MDG,2001,100
Madagascar,MDG,2002,100
Madagascar,MDG,2003,100
Madagascar,MDG,2004,100
Madagascar,MDG,2005,200
Madagascar,MDG,2006,200
Madagascar,MDG,2007,200
Madagascar,MDG,2008,200
Madagascar,MDG,2009,200
Madagascar,MDG,2010,500
Madagascar,MDG,2011,500
Madagascar,MDG,2012,500
Madagascar,MDG,2013,500
Madagascar,MDG,2014,500
Madagascar,MDG,2015,500
Madagascar,MDG,2016,500
Madagascar,MDG,2017,500
Madagascar,MDG,2018,500
Madagascar,MDG,2019,520
Madagascar,MDG,2020,580
Malawi,MWI,1990,18000
Malawi,MWI,1991,20000
Malawi,MWI,1992,22000
Malawi,MWI,1993,24000
Malawi,MWI,1994,26000
Malawi,MWI,1995,27000
Malawi,MWI,1996,28000
Malawi,MWI,1997,28000
Malawi,MWI,1998,29000
Malawi,MWI,1999,28000
Malawi,MWI,2000,28000
Malawi,MWI,2001,27000
Malawi,MWI,2002,26000
Malawi,MWI,2003,26000
Malawi,MWI,2004,25000
Malawi,MWI,2005,23000
Malawi,MWI,2006,22000
Malawi,MWI,2007,21000
Malawi,MWI,2008,18000
Malawi,MWI,2009,16000
Malawi,MWI,2010,15000
Malawi,MWI,2011,12000
Malawi,MWI,2012,10000
Malawi,MWI,2013,8800
Malawi,MWI,2014,7700
Malawi,MWI,2015,6300
Malawi,MWI,2016,4900
Malawi,MWI,2017,3700
Malawi,MWI,2018,3300
Malawi,MWI,2019,2700
Malawi,MWI,2020,2500
Malaysia,MYS,1990,100
Malaysia,MYS,1991,100
Malaysia,MYS,1992,100
Malaysia,MYS,1993,100
Malaysia,MYS,1994,100
Malaysia,MYS,1995,100
Malaysia,MYS,1996,100
Malaysia,MYS,1997,100
Malaysia,MYS,1998,100
Malaysia,MYS,1999,100
Malaysia,MYS,2000,100
Malaysia,MYS,2001,100
Malaysia,MYS,2002,100
Malaysia,MYS,2003,100
Malaysia,MYS,2004,100
Malaysia,MYS,2005,100
Malaysia,MYS,2006,100
Malaysia,MYS,2007,100
Malaysia,MYS,2008,100
Malaysia,MYS,2009,100
Malaysia,MYS,2010,100
Malaysia,MYS,2011,100
Malaysia,MYS,2012,100
Malaysia,MYS,2013,100
Malaysia,MYS,2014,100
Malaysia,MYS,2015,100
Malaysia,MYS,2016,100
Malaysia,MYS,2017,100
Malaysia,MYS,2018,100
Malaysia,MYS,2019,100
Malaysia,MYS,2020,100
Mali,MLI,1990,2200
Mali,MLI,1991,2600
Mali,MLI,1992,3000
Mali,MLI,1993,3400
Mali,MLI,1994,3600
Mali,MLI,1995,3900
Mali,MLI,1996,4000
Mali,MLI,1997,4100
Mali,MLI,1998,4100
Mali,MLI,1999,4200
Mali,MLI,2000,4200
Mali,MLI,2001,4100
Mali,MLI,2002,4000
Mali,MLI,2003,4000
Mali,MLI,2004,3900
Mali,MLI,2005,3800
Mali,MLI,2006,3600
Mali,MLI,2007,3300
Mali,MLI,2008,3400
Mali,MLI,2009,2900
Mali,MLI,2010,2700
Mali,MLI,2011,2400
Mali,MLI,2012,2200
Mali,MLI,2013,2600
Mali,MLI,2014,2500
Mali,MLI,2015,2300
Mali,MLI,2016,2200
Mali,MLI,2017,2200
Mali,MLI,2018,2100
Mali,MLI,2019,2100
Mali,MLI,2020,2100
Mauritius,MUS,1990,100
Mauritius,MUS,1991,100
Mauritius,MUS,1992,100
Mauritius,MUS,1993,100
Mauritius,MUS,1994,100
Mauritius,MUS,1995,100
Mauritius,MUS,1996,100
Mauritius,MUS,1997,100
Mauritius,MUS,1998,100
Mauritius,MUS,1999,100
Mauritius,MUS,2000,100
Mauritius,MUS,2001,100
Mauritius,MUS,2002,100
Mauritius,MUS,2003,100
Mauritius,MUS,2004,100
Mauritius,MUS,2005,100
Mauritius,MUS,2006,100
Mauritius,MUS,2007,100
Mauritius,MUS,2008,100
Mauritius,MUS,2009,100
Mauritius,MUS,2010,100
Mauritius,MUS,2011,100
Mauritius,MUS,2012,100
Mauritius,MUS,2013,100
Mauritius,MUS,2014,100
Mauritius,MUS,2015,100
Mauritius,MUS,2016,100
Mauritius,MUS,2017,100
Mauritius,MUS,2018,100
Mauritius,MUS,2019,100
Mauritius,MUS,2020,100
Mexico,MEX,1990,500
Mexico,MEX,1991,500
Mexico,MEX,1992,500
Mexico,MEX,1993,500
Mexico,MEX,1994,500
Mexico,MEX,1995,500
Mexico,MEX,1996,500
Mexico,MEX,1997,500
Mexico,MEX,1998,500
Mexico,MEX,1999,500
Mexico,MEX,2000,500
Mexico,MEX,2001,500
Mexico,MEX,2002,500
Mexico,MEX,2003,500
Mexico,MEX,2004,500
Mexico,MEX,2005,500
Mexico,MEX,2006,700
Mexico,MEX,2007,620
Mexico,MEX,2008,550
Mexico,MEX,2009,500
Mexico,MEX,2010,500
Mexico,MEX,2011,500
Mexico,MEX,2012,500
Mexico,MEX,2013,500
Mexico,MEX,2014,500
Mexico,MEX,2015,500
Mexico,MEX,2016,500
Mexico,MEX,2017,500
Mexico,MEX,2018,500
Mexico,MEX,2019,500
Mexico,MEX,2020,500
Moldova,MDA,1990,100
Moldova,MDA,1991,100
Moldova,MDA,1992,100
Moldova,MDA,1993,100
Moldova,MDA,1994,100
Moldova,MDA,1995,100
Moldova,MDA,1996,100
Moldova,MDA,1997,100
Moldova,MDA,1998,100
Moldova,MDA,1999,100
Moldova,MDA,2000,100
Moldova,MDA,2001,100
Moldova,MDA,2002,100
Moldova,MDA,2003,100
Moldova,MDA,2004,100
Moldova,MDA,2005,100
Moldova,MDA,2006,100
Moldova,MDA,2007,100
Moldova,MDA,2008,100
Moldova,MDA,2009,100
Moldova,MDA,2010,100
Moldova,MDA,2011,100
Moldova,MDA,2012,100
Moldova,MDA,2013,100
Moldova,MDA,2014,100
Moldova,MDA,2015,100
Moldova,MDA,2016,100
Moldova,MDA,2017,100
Moldova,MDA,2018,100
Moldova,MDA,2019,100
Moldova,MDA,2020,100
Morocco,MAR,1990,100
Morocco,MAR,1991,100
Morocco,MAR,1992,100
Morocco,MAR,1993,100
Morocco,MAR,1994,100
Morocco,MAR,1995,200
Morocco,MAR,1996,200
Morocco,MAR,1997,200
Morocco,MAR,1998,200
Morocco,MAR,1999,200
Morocco,MAR,2000,200
Morocco,MAR,2001,200
Morocco,MAR,2002,200
Morocco,MAR,2003,200
Morocco,MAR,2004,200
Morocco,MAR,2005,200
Morocco,MAR,2006,200
Morocco,MAR,2007,200
Morocco,MAR,2008,200
Morocco,MAR,2009,200
Morocco,MAR,2010,200
Morocco,MAR,2011,200
Morocco,MAR,2012,200
Morocco,MAR,2013,200
Morocco,MAR,2014,200
Morocco,MAR,2015,200
Morocco,MAR,2016,200
Morocco,MAR,2017,200
Morocco,MAR,2018,100
Morocco,MAR,2019,100
Morocco,MAR,2020,100
Mozambique,MOZ,1990,3500
Mozambique,MOZ,1991,4800
Mozambique,MOZ,1992,6500
Mozambique,MOZ,1993,8700
Mozambique,MOZ,1994,11000
Mozambique,MOZ,1995,14000
Mozambique,MOZ,1996,17000
Mozambique,MOZ,1997,20000
Mozambique,MOZ,1998,22000
Mozambique,MOZ,1999,25000
Mozambique,MOZ,2000,28000
Mozambique,MOZ,2001,30000
Mozambique,MOZ,2002,31000
Mozambique,MOZ,2003,33000
Mozambique,MOZ,2004,33000
Mozambique,MOZ,2005,33000
Mozambique,MOZ,2006,33000
Mozambique,MOZ,2007,26000
Mozambique,MOZ,2008,27000
Mozambique,MOZ,2009,25000
Mozambique,MOZ,2010,29000
Mozambique,MOZ,2011,24000
Mozambique,MOZ,2012,18000
Mozambique,MOZ,2013,17000
Mozambique,MOZ,2014,16000
Mozambique,MOZ,2015,16000
Mozambique,MOZ,2016,16000
Mozambique,MOZ,2017,14000
Mozambique,MOZ,2018,14000
Mozambique,MOZ,2019,13000
Mozambique,MOZ,2020,13000
Namibia,NAM,1990,570
Namibia,NAM,1991,820
Namibia,NAM,1992,1100
Namibia,NAM,1993,1500
Namibia,NAM,1994,2000
Namibia,NAM,1995,2400
Namibia,NAM,1996,2800
Namibia,NAM,1997,3200
Namibia,NAM,1998,3400
Namibia,NAM,1999,3600
Namibia,NAM,2000,3600
Namibia,NAM,2001,3600
Namibia,NAM,2002,3600
Namibia,NAM,2003,3600
Namibia,NAM,2004,3500
Namibia,NAM,2005,3000
Namibia,NAM,2006,2600
Namibia,NAM,2007,2200
Namibia,NAM,2008,1900
Namibia,NAM,2009,1900
Namibia,NAM,2010,1500
Namibia,NAM,2011,1400
Namibia,NAM,2012,1500
Namibia,NAM,2013,1100
Namibia,NAM,2014,720
Namibia,NAM,2015,560
Namibia,NAM,2016,510
Namibia,NAM,2017,500
Namibia,NAM,2018,500
Namibia,NAM,2019,500
Namibia,NAM,2020,500
Nepal,NPL,1990,100
Nepal,NPL,1991,100
Nepal,NPL,1992,100
Nepal,NPL,1993,100
Nepal,NPL,1994,100
Nepal,NPL,1995,100
Nepal,NPL,1996,100
Nepal,NPL,1997,100
Nepal,NPL,1998,100
Nepal,NPL,1999,200
Nepal,NPL,2000,200
Nepal,NPL,2001,500
Nepal,NPL,2002,500
Nepal,NPL,2003,500
Nepal,NPL,2004,500
Nepal,NPL,2005,500
Nepal,NPL,2006,500
Nepal,NPL,2007,500
Nepal,NPL,2008,500
Nepal,NPL,2009,500
Nepal,NPL,2010,500
Nepal,NPL,2011,200
Nepal,NPL,2012,200
Nepal,NPL,2013,200
Nepal,NPL,2014,200
Nepal,NPL,2015,200
Nepal,NPL,2016,100
Nepal,NPL,2017,100
Nepal,NPL,2018,100
Nepal,NPL,2019,100
Nepal,NPL,2020,100
Nicaragua,NIC,1990,100
Nicaragua,NIC,1991,100
Nicaragua,NIC,1992,100
Nicaragua,NIC,1993,100
Nicaragua,NIC,1994,100
Nicaragua,NIC,1995,100
Nicaragua,NIC,1996,100
Nicaragua,NIC,1997,100
Nicaragua,NIC,1998,100
Nicaragua,NIC,1999,100
Nicaragua,NIC,2000,100
Nicaragua,NIC,2001,100
Nicaragua,NIC,2002,100
Nicaragua,NIC,2003,100
Nicaragua,NIC,2004,100
Nicaragua,NIC,2005,100
Nicaragua,NIC,2006,100
Nicaragua,NIC,2007,100
Nicaragua,NIC,2008,100
Nicaragua,NIC,2009,100
Nicaragua,NIC,2010,100
Nicaragua,NIC,2011,100
Nicaragua,NIC,2012,100
Nicaragua,NIC,2013,100
Nicaragua,NIC,2014,100
Nicaragua,NIC,2015,100
Nicaragua,NIC,2016,100
Nicaragua,NIC,2017,100
Nicaragua,NIC,2018,100
Nicaragua,NIC,2019,100
Nicaragua,NIC,2020,100
Niger,NER,1990,500
Niger,NER,1991,500
Niger,NER,1992,500
Niger,NER,1993,580
Niger,NER,1994,700
Niger,NER,1995,820
Niger,NER,1996,950
Niger,NER,1997,1100
Niger,NER,1998,1100
Niger,NER,1999,1200
Niger,NER,2000,1300
Niger,NER,2001,1300
Niger,NER,2002,1300
Niger,NER,2003,1300
Niger,NER,2004,1200
Niger,NER,2005,1200
Niger,NER,2006,1100
Niger,NER,2007,1000
Niger,NER,2008,900
Niger,NER,2009,790
Niger,NER,2010,500
Niger,NER,2011,500
Niger,NER,2012,500
Niger,NER,2013,500
Niger,NER,2014,500
Niger,NER,2015,500
Niger,NER,2016,500
Niger,NER,2017,500
Niger,NER,2018,500
Niger,NER,2019,500
Niger,NER,2020,500
Nigeria,NGA,1990,11000
Nigeria,NGA,1991,13000
Nigeria,NGA,1992,16000
Nigeria,NGA,1993,18000
Nigeria,NGA,1994,21000
Nigeria,NGA,1995,23000
Nigeria,NGA,1996,26000
Nigeria,NGA,1997,27000
Nigeria,NGA,1998,29000
Nigeria,NGA,1999,30000
Nigeria,NGA,2000,31000
Nigeria,NGA,2001,31000
Nigeria,NGA,2002,32000
Nigeria,NGA,2003,32000
Nigeria,NGA,2004,31000
Nigeria,NGA,2005,31000
Nigeria,NGA,2006,28000
Nigeria,NGA,2007,27000
Nigeria,NGA,2008,26000
Nigeria,NGA,2009,25000
Nigeria,NGA,2010,25000
Nigeria,NGA,2011,23000
Nigeria,NGA,2012,22000
Nigeria,NGA,2013,17000
Nigeria,NGA,2014,16000
Nigeria,NGA,2015,17000
Nigeria,NGA,2016,18000
Nigeria,NGA,2017,19000
Nigeria,NGA,2018,20000
Nigeria,NGA,2019,20000
Nigeria,NGA,2020,21000
Pakistan,PAK,1990,100
Pakistan,PAK,1991,100
Pakistan,PAK,1992,100
Pakistan,PAK,1993,100
Pakistan,PAK,1994,100
Pakistan,PAK,1995,100
Pakistan,PAK,1996,100
Pakistan,PAK,1997,100
Pakistan,PAK,1998,100
Pakistan,PAK,1999,100
Pakistan,PAK,2000,100
Pakistan,PAK,2001,100
Pakistan,PAK,2002,100
Pakistan,PAK,2003,100
Pakistan,PAK,2004,100
Pakistan,PAK,2005,100
Pakistan,PAK,2006,100
Pakistan,PAK,2007,200
Pakistan,PAK,2008,200
Pakistan,PAK,2009,500
Pakistan,PAK,2010,500
Pakistan,PAK,2011,500
Pakistan,PAK,2012,510
Pakistan,PAK,2013,570
Pakistan,PAK,2014,670
Pakistan,PAK,2015,720
Pakistan,PAK,2016,830
Pakistan,PAK,2017,890
Pakistan,PAK,2018,940
Pakistan,PAK,2019,1900
Pakistan,PAK,2020,1600
Paraguay,PRY,1990,100
Paraguay,PRY,1991,100
Paraguay,PRY,1992,100
Paraguay,PRY,1993,100
Paraguay,PRY,1994,100
Paraguay,PRY,1995,100
Paraguay,PRY,1996,100
Paraguay,PRY,1997,100
Paraguay,PRY,1998,200
Paraguay,PRY,1999,200
Paraguay,PRY,2000,200
Paraguay,PRY,2001,200
Paraguay,PRY,2002,200
Paraguay,PRY,2003,200
Paraguay,PRY,2004,200
Paraguay,PRY,2005,200
Paraguay,PRY,2006,100
Paraguay,PRY,2007,100
Paraguay,PRY,2008,100
Paraguay,PRY,2009,100
Paraguay,PRY,2010,100
Paraguay,PRY,2011,100
Paraguay,PRY,2012,100
Paraguay,PRY,2013,100
Paraguay,PRY,2014,100
Paraguay,PRY,2015,100
Paraguay,PRY,2016,100
Paraguay,PRY,2017,100
Paraguay,PRY,2018,100
Paraguay,PRY,2019,100
Paraguay,PRY,2020,100
Peru,PER,1990,500
Peru,PER,1991,500
Peru,PER,1992,500
Peru,PER,1993,500
Peru,PER,1994,500
Peru,PER,1995,500
Peru,PER,1996,500
Peru,PER,1997,500
Peru,PER,1998,500
Peru,PER,1999,500
Peru,PER,2000,500
Peru,PER,2001,500
Peru,PER,2002,500
Peru,PER,2003,500
Peru,PER,2004,500
Peru,PER,2005,500
Peru,PER,2006,500
Peru,PER,2007,200
Peru,PER,2008,500
Peru,PER,2009,200
Peru,PER,2010,200
Peru,PER,2011,200
Peru,PER,2012,200
Peru,PER,2013,200
Peru,PER,2014,200
Peru,PER,2015,200
Peru,PER,2016,200
Peru,PER,2017,200
Peru,PER,2018,200
Peru,PER,2019,200
Peru,PER,2020,200
Philippines,PHL,1990,100
Philippines,PHL,1991,100
Philippines,PHL,1992,100
Philippines,PHL,1993,100
Philippines,PHL,1994,100
Philippines,PHL,1995,100
Philippines,PHL,1996,100
Philippines,PHL,1997,100
Philippines,PHL,1998,100
Philippines,PHL,1999,100
Philippines,PHL,2000,100
Philippines,PHL,2001,100
Philippines,PHL,2002,100
Philippines,PHL,2003,100
Philippines,PHL,2004,100
Philippines,PHL,2005,100
Philippines,PHL,2006,100
Philippines,PHL,2007,100
Philippines,PHL,2008,100
Philippines,PHL,2009,100
Philippines,PHL,2010,100
Philippines,PHL,2011,100
Philippines,PHL,2012,100
Philippines,PHL,2013,100
Philippines,PHL,2014,100
Philippines,PHL,2015,100
Philippines,PHL,2016,100
Philippines,PHL,2017,200
Philippines,PHL,2018,200
Philippines,PHL,2019,200
Philippines,PHL,2020,200
Portugal,PRT,1990,100
Portugal,PRT,1991,100
Portugal,PRT,1992,100
Portugal,PRT,1993,100
Portugal,PRT,1994,100
Portugal,PRT,1995,100
Portugal,PRT,1996,100
Portugal,PRT,1997,100
Portugal,PRT,1998,100
Portugal,PRT,1999,100
Portugal,PRT,2000,100
Portugal,PRT,2001,100
Portugal,PRT,2002,100
Portugal,PRT,2003,100
Portugal,PRT,2004,100
Portugal,PRT,2005,100
Portugal,PRT,2006,100
Portugal,PRT,2007,100
Portugal,PRT,2008,100
Portugal,PRT,2009,100
Portugal,PRT,2010,100
Portugal,PRT,2011,100
Portugal,PRT,2012,100
Portugal,PRT,2013,100
Portugal,PRT,2014,100
Portugal,PRT,2015,100
Portugal,PRT,2016,100
Portugal,PRT,2017,100
Portugal,PRT,2018,100
Portugal,PRT,2019,100
Portugal,PRT,2020,100
Rwanda,RWA,1990,3700
Rwanda,RWA,1991,4200
Rwanda,RWA,1992,4600
Rwanda,RWA,1993,4800
Rwanda,RWA,1994,5000
Rwanda,RWA,1995,5100
Rwanda,RWA,1996,5400
Rwanda,RWA,1997,5600
Rwanda,RWA,1998,5800
Rwanda,RWA,1999,6000
Rwanda,RWA,2000,6200
Rwanda,RWA,2001,6200
Rwanda,RWA,2002,6200
Rwanda,RWA,2003,5900
Rwanda,RWA,2004,5300
Rwanda,RWA,2005,4900
Rwanda,RWA,2006,4700
Rwanda,RWA,2007,3800
Rwanda,RWA,2008,3000
Rwanda,RWA,2009,2500
Rwanda,RWA,2010,2400
Rwanda,RWA,2011,1100
Rwanda,RWA,2012,1500
Rwanda,RWA,2013,1300
Rwanda,RWA,2014,1000
Rwanda,RWA,2015,740
Rwanda,RWA,2016,930
Rwanda,RWA,2017,940
Rwanda,RWA,2018,840
Rwanda,RWA,2019,570
Rwanda,RWA,2020,510
Saudi Arabia,SAU,1990,100
Saudi Arabia,SAU,1991,100
Saudi Arabia,SAU,1992,100
Saudi Arabia,SAU,1993,100
Saudi Arabia,SAU,1994,100
Saudi Arabia,SAU,1995,100
Saudi Arabia,SAU,1996,100
Saudi Arabia,SAU,1997,100
Saudi Arabia,SAU,1998,100
Saudi Arabia,SAU,1999,100
Saudi Arabia,SAU,2000,100
Saudi Arabia,SAU,2001,100
Saudi Arabia,SAU,2002,100
Saudi Arabia,SAU,2003,100
Saudi Arabia,SAU,2004,100
Saudi Arabia,SAU,2005,100
Saudi Arabia,SAU,2006,100
Saudi Arabia,SAU,2007,100
Saudi Arabia,SAU,2008,100
Saudi Arabia,SAU,2009,100
Saudi Arabia,SAU,2010,100
Saudi Arabia,SAU,2011,100
Saudi Arabia,SAU,2012,100
Saudi Arabia,SAU,2013,100
Saudi Arabia,SAU,2014,100
Saudi Arabia,SAU,2015,100
Saudi Arabia,SAU,2016,100
Saudi Arabia,SAU,2017,100
Saudi Arabia,SAU,2018,100
Saudi Arabia,SAU,2019,100
Saudi Arabia,SAU,2020,100
Senegal,SEN,1990,500
Senegal,SEN,1991,500
Senegal,SEN,1992,500
Senegal,SEN,1993,500
Senegal,SEN,1994,550
Senegal,SEN,1995,640
Senegal,SEN,1996,750
Senegal,SEN,1997,860
Senegal,SEN,1998,960
Senegal,SEN,1999,1100
Senegal,SEN,2000,1200
Senegal,SEN,2001,1200
Senegal,SEN,2002,1300
Senegal,SEN,2003,1300
Senegal,SEN,2004,1300
Senegal,SEN,2005,1400
Senegal,SEN,2006,1300
Senegal,SEN,2007,1200
Senegal,SEN,2008,1000
Senegal,SEN,2009,920
Senegal,SEN,2010,930
Senegal,SEN,2011,850
Senegal,SEN,2012,820
Senegal,SEN,2013,680
Senegal,SEN,2014,670
Senegal,SEN,2015,550
Senegal,SEN,2016,500
Senegal,SEN,2017,500
Senegal,SEN,2018,500
Senegal,SEN,2019,500
Senegal,SEN,2020,500
Sierra Leone,SLE,1990,870
Sierra Leone,SLE,1991,1100
Sierra Leone,SLE,1992,1200
Sierra Leone,SLE,1993,1400
Sierra Leone,SLE,1994,1600
Sierra Leone,SLE,1995,1700
Sierra Leone,SLE,1996,1800
Sierra Leone,SLE,1997,2000
Sierra Leone,SLE,1998,2100
Sierra Leone,SLE,1999,2200
Sierra Leone,SLE,2000,2300
Sierra Leone,SLE,2001,2400
Sierra Leone,SLE,2002,2600
Sierra Leone,SLE,2003,2700
Sierra Leone,SLE,2004,2700
Sierra Leone,SLE,2005,2800
Sierra Leone,SLE,2006,2800
Sierra Leone,SLE,2007,2800
Sierra Leone,SLE,2008,2400
Sierra Leone,SLE,2009,2400
Sierra Leone,SLE,2010,2300
Sierra Leone,SLE,2011,2100
Sierra Leone,SLE,2012,1900
Sierra Leone,SLE,2013,2000
Sierra Leone,SLE,2014,2100
Sierra Leone,SLE,2015,2000
Sierra Leone,SLE,2016,2000
Sierra Leone,SLE,2017,2000
Sierra Leone,SLE,2018,1900
Sierra Leone,SLE,2019,2000
Sierra Leone,SLE,2020,2000
Somalia,SOM,1990,100
Somalia,SOM,1991,100
Somalia,SOM,1992,100
Somalia,SOM,1993,200
Somalia,SOM,1994,200
Somalia,SOM,1995,200
Somalia,SOM,1996,200
Somalia,SOM,1997,500
Somalia,SOM,1998,500
Somalia,SOM,1999,500
Somalia,SOM,2000,500
Somalia,SOM,2001,500
Somalia,SOM,2002,500
Somalia,SOM,2003,500
Somalia,SOM,2004,500
Somalia,SOM,2005,500
Somalia,SOM,2006,500
Somalia,SOM,2007,500
Somalia,SOM,2008,500
Somalia,SOM,2009,500
Somalia,SOM,2010,500
Somalia,SOM,2011,500
Somalia,SOM,2012,500
Somalia,SOM,2013,500
Somalia,SOM,2014,200
Somalia,SOM,2015,200
Somalia,SOM,2016,200
Somalia,SOM,2017,200
Somalia,SOM,2018,200
Somalia,SOM,2019,200
Somalia,SOM,2020,100
South Africa,ZAF,1990,3100
South Africa,ZAF,1991,5400
South Africa,ZAF,1992,8900
South Africa,ZAF,1993,14000
South Africa,ZAF,1994,19000
South Africa,ZAF,1995,25000
South Africa,ZAF,1996,31000
South Africa,ZAF,1997,36000
South Africa,ZAF,1998,41000
South Africa,ZAF,1999,46000
South Africa,ZAF,2000,51000
South Africa,ZAF,2001,55000
South Africa,ZAF,2002,58000
South Africa,ZAF,2003,62000
South Africa,ZAF,2004,69000
South Africa,ZAF,2005,72000
South Africa,ZAF,2006,73000
South Africa,ZAF,2007,72000
South Africa,ZAF,2008,68000
South Africa,ZAF,2009,58000
South Africa,ZAF,2010,45000
South Africa,ZAF,2011,34000
South Africa,ZAF,2012,31000
South Africa,ZAF,2013,26000
South Africa,ZAF,2014,23000
South Africa,ZAF,2015,17000
South Africa,ZAF,2016,14000
South Africa,ZAF,2017,15000
South Africa,ZAF,2018,12000
South Africa,ZAF,2019,11000
South Africa,ZAF,2020,12000
South Sudan,SSD,1990,920
South Sudan,SSD,1991,1100
South Sudan,SSD,1992,1300
South Sudan,SSD,1993,1400
South Sudan,SSD,1994,1600
South Sudan,SSD,1995,1800
South Sudan,SSD,1996,2000
South Sudan,SSD,1997,2200
South Sudan,SSD,1998,2400
South Sudan,SSD,1999,2600
South Sudan,SSD,2000,2700
South Sudan,SSD,2001,2800
South Sudan,SSD,2002,2900
South Sudan,SSD,2003,2900
South Sudan,SSD,2004,3000
South Sudan,SSD,2005,3100
South Sudan,SSD,2006,3100
South Sudan,SSD,2007,3200
South Sudan,SSD,2008,3300
South Sudan,SSD,2009,3300
South Sudan,SSD,2010,3200
South Sudan,SSD,2011,3200
South Sudan,SSD,2012,3200
South Sudan,SSD,2013,3000
South Sudan,SSD,2014,3100
South Sudan,SSD,2015,2700
South Sudan,SSD,2016,3100
South Sudan,SSD,2017,2500
South Sudan,SSD,2018,2500
South Sudan,SSD,2019,2900
South Sudan,SSD,2020,3000
Sudan,SDN,1990,100
Sudan,SDN,1991,100
Sudan,SDN,1992,200
Sudan,SDN,1993,200
Sudan,SDN,1994,500
Sudan,SDN,1995,500
Sudan,SDN,1996,500
Sudan,SDN,1997,500
Sudan,SDN,1998,570
Sudan,SDN,1999,630
Sudan,SDN,2000,690
Sudan,SDN,2001,740
Sudan,SDN,2002,780
Sudan,SDN,2003,790
Sudan,SDN,2004,750
Sudan,SDN,2005,740
Sudan,SDN,2006,750
Sudan,SDN,2007,750
Sudan,SDN,2008,750
Sudan,SDN,2009,730
Sudan,SDN,2010,710
Sudan,SDN,2011,710
Sudan,SDN,2012,700
Sudan,SDN,2013,700
Sudan,SDN,2014,680
Sudan,SDN,2015,670
Sudan,SDN,2016,660
Sudan,SDN,2017,650
Sudan,SDN,2018,650
Sudan,SDN,2019,660
Sudan,SDN,2020,660
Suriname,SUR,1990,100
Suriname,SUR,1991,100
Suriname,SUR,1992,100
Suriname,SUR,1993,100
Suriname,SUR,1994,100
Suriname,SUR,1995,100
Suriname,SUR,1996,100
Suriname,SUR,1997,100
Suriname,SUR,1998,100
Suriname,SUR,1999,100
Suriname,SUR,2000,100
Suriname,SUR,2001,100
Suriname,SUR,2002,100
Suriname,SUR,2003,100
Suriname,SUR,2004,100
Suriname,SUR,2005,100
Suriname,SUR,2006,100
Suriname,SUR,2007,100
Suriname,SUR,2008,100
Suriname,SUR,2009,100
Suriname,SUR,2010,100
Suriname,SUR,2011,100
Suriname,SUR,2012,100
Suriname,SUR,2013,100
Suriname,SUR,2014,100
Suriname,SUR,2015,100
Suriname,SUR,2016,100
Suriname,SUR,2017,100
Suriname,SUR,2018,100
Suriname,SUR,2019,100
Suriname,SUR,2020,100
Tajikistan,TJK,1990,100
Tajikistan,TJK,1991,100
Tajikistan,TJK,1992,100
Tajikistan,TJK,1993,100
Tajikistan,TJK,1994,100
Tajikistan,TJK,1995,100
Tajikistan,TJK,1996,100
Tajikistan,TJK,1997,100
Tajikistan,TJK,1998,100
Tajikistan,TJK,1999,100
Tajikistan,TJK,2000,100
Tajikistan,TJK,2001,100
Tajikistan,TJK,2002,100
Tajikistan,TJK,2003,100
Tajikistan,TJK,2004,100
Tajikistan,TJK,2005,100
Tajikistan,TJK,2006,100
Tajikistan,TJK,2007,100
Tajikistan,TJK,2008,100
Tajikistan,TJK,2009,100
Tajikistan,TJK,2010,200
Tajikistan,TJK,2011,200
Tajikistan,TJK,2012,200
Tajikistan,TJK,2013,200
Tajikistan,TJK,2014,200
Tajikistan,TJK,2015,200
Tajikistan,TJK,2016,200
Tajikistan,TJK,2017,500
Tajikistan,TJK,2018,500
Tajikistan,TJK,2019,500
Tajikistan,TJK,2020,200
Tanzania,TZA,1990,17000
Tanzania,TZA,1991,20000
Tanzania,TZA,1992,23000
Tanzania,TZA,1993,25000
Tanzania,TZA,1994,27000
Tanzania,TZA,1995,29000
Tanzania,TZA,1996,31000
Tanzania,TZA,1997,32000
Tanzania,TZA,1998,32000
Tanzania,TZA,1999,33000
Tanzania,TZA,2000,34000
Tanzania,TZA,2001,34000
Tanzania,TZA,2002,34000
Tanzania,TZA,2003,34000
Tanzania,TZA,2004,34000
Tanzania,TZA,2005,32000
Tanzania,TZA,2006,32000
Tanzania,TZA,2007,28000
Tanzania,TZA,2008,28000
Tanzania,TZA,2009,22000
Tanzania,TZA,2010,20000
Tanzania,TZA,2011,18000
Tanzania,TZA,2012,14000
Tanzania,TZA,2013,14000
Tanzania,TZA,2014,15000
Tanzania,TZA,2015,16000
Tanzania,TZA,2016,17000
Tanzania,TZA,2017,14000
Tanzania,TZA,2018,12000
Tanzania,TZA,2019,12000
Tanzania,TZA,2020,10000
Thailand,THA,1990,1200
Thailand,THA,1991,2300
Thailand,THA,1992,3400
Thailand,THA,1993,4200
Thailand,THA,1994,4900
Thailand,THA,1995,5300
Thailand,THA,1996,5600
Thailand,THA,1997,5700
Thailand,THA,1998,5700
Thailand,THA,1999,5600
Thailand,THA,2000,4900
Thailand,THA,2001,4500
Thailand,THA,2002,4000
Thailand,THA,2003,3300
Thailand,THA,2004,2800
Thailand,THA,2005,1700
Thailand,THA,2006,1500
Thailand,THA,2007,1300
Thailand,THA,2008,1100
Thailand,THA,2009,840
Thailand,THA,2010,670
Thailand,THA,2011,500
Thailand,THA,2012,500
Thailand,THA,2013,500
Thailand,THA,2014,500
Thailand,THA,2015,200
Thailand,THA,2016,100
Thailand,THA,2017,100
Thailand,THA,2018,100
Thailand,THA,2019,100
Thailand,THA,2020,100
Togo,TGO,1990,1400
Togo,TGO,1991,1600
Togo,TGO,1992,1800
Togo,TGO,1993,2000
Togo,TGO,1994,2200
Togo,TGO,1995,2500
Togo,TGO,1996,2800
Togo,TGO,1997,3000
Togo,TGO,1998,3200
Togo,TGO,1999,3400
Togo,TGO,2000,3500
Togo,TGO,2001,3500
Togo,TGO,2002,3500
Togo,TGO,2003,3400
Togo,TGO,2004,3300
Togo,TGO,2005,3300
Togo,TGO,2006,3100
Togo,TGO,2007,3100
Togo,TGO,2008,2700
Togo,TGO,2009,2600
Togo,TGO,2010,2300
Togo,TGO,2011,1600
Togo,TGO,2012,1400
Togo,TGO,2013,1300
Togo,TGO,2014,1200
Togo,TGO,2015,1300
Togo,TGO,2016,1200
Togo,TGO,2017,1300
Togo,TGO,2018,1200
Togo,TGO,2019,1100
Togo,TGO,2020,1200
Tunisia,TUN,1990,100
Tunisia,TUN,1991,100
Tunisia,TUN,1992,100
Tunisia,TUN,1993,100
Tunisia,TUN,1994,100
Tunisia,TUN,1995,100
Tunisia,TUN,1996,100
Tunisia,TUN,1997,100
Tunisia,TUN,1998,100
Tunisia,TUN,1999,100
Tunisia,TUN,2000,100
Tunisia,TUN,2001,100
Tunisia,TUN,2002,100
Tunisia,TUN,2003,100
Tunisia,TUN,2004,100
Tunisia,TUN,2005,100
Tunisia,TUN,2006,100
Tunisia,TUN,2007,100
Tunisia,TUN,2008,100
Tunisia,TUN,2009,100
Tunisia,TUN,2010,100
Tunisia,TUN,2011,100
Tunisia,TUN,2012,100
Tunisia,TUN,2013,100
Tunisia,TUN,2014,100
Tunisia,TUN,2015,100
Tunisia,TUN,2016,100
Tunisia,TUN,2017,100
Tunisia,TUN,2018,100
Tunisia,TUN,2019,100
Tunisia,TUN,2020,100
Uganda,UGA,1990,33000
Uganda,UGA,1991,34000
Uganda,UGA,1992,35000
Uganda,UGA,1993,35000
Uganda,UGA,1994,36000
Uganda,UGA,1995,36000
Uganda,UGA,1996,35000
Uganda,UGA,1997,35000
Uganda,UGA,1998,35000
Uganda,UGA,1999,34000
Uganda,UGA,2000,34000
Uganda,UGA,2001,34000
Uganda,UGA,2002,33000
Uganda,UGA,2003,33000
Uganda,UGA,2004,32000
Uganda,UGA,2005,31000
Uganda,UGA,2006,30000
Uganda,UGA,2007,28000
Uganda,UGA,2008,26000
Uganda,UGA,2009,25000
Uganda,UGA,2010,23000
Uganda,UGA,2011,19000
Uganda,UGA,2012,13000
Uganda,UGA,2013,13000
Uganda,UGA,2014,12000
Uganda,UGA,2015,11000
Uganda,UGA,2016,11000
Uganda,UGA,2017,9400
Uganda,UGA,2018,7000
Uganda,UGA,2019,6500
Uganda,UGA,2020,5300
Ukraine,UKR,1990,100
Ukraine,UKR,1991,100
Ukraine,UKR,1992,100
Ukraine,UKR,1993,200
Ukraine,UKR,1994,500
Ukraine,UKR,1995,500
Ukraine,UKR,1996,570
Ukraine,UKR,1997,720
Ukraine,UKR,1998,860
Ukraine,UKR,1999,940
Ukraine,UKR,2000,900
Ukraine,UKR,2001,790
Ukraine,UKR,2002,800
Ukraine,UKR,2003,780
Ukraine,UKR,2004,770
Ukraine,UKR,2005,670
Ukraine,UKR,2006,700
Ukraine,UKR,2007,970
Ukraine,UKR,2008,560
Ukraine,UKR,2009,510
Ukraine,UKR,2010,500
Ukraine,UKR,2011,500
Ukraine,UKR,2012,500
Ukraine,UKR,2013,500
Ukraine,UKR,2014,500
Ukraine,UKR,2015,500
Ukraine,UKR,2016,500
Ukraine,UKR,2017,500
Ukraine,UKR,2018,200
Ukraine,UKR,2019,200
Ukraine,UKR,2020,200
Uruguay,URY,1990,100
Uruguay,URY,1991,100
Uruguay,URY,1992,100
Uruguay,URY,1993,100
Uruguay,URY,1994,100
Uruguay,URY,1995,100
Uruguay,URY,1996,100
Uruguay,URY,1997,100
Uruguay,URY,1998,100
Uruguay,URY,1999,100
Uruguay,URY,2000,100
Uruguay,URY,2001,100
Uruguay,URY,2002,100
Uruguay,URY,2003,100
Uruguay,URY,2004,100
Uruguay,URY,2005,100
Uruguay,URY,2006,100
Uruguay,URY,2007,100
Uruguay,URY,2008,100
Uruguay,URY,2009,100
Uruguay,URY,2010,100
Uruguay,URY,2011,100
Uruguay,URY,2012,100
Uruguay,URY,2013,100
Uruguay,URY,2014,100
Uruguay,URY,2015,100
Uruguay,URY,2016,100
Uruguay,URY,2017,100
Uruguay,URY,2018,100
Uruguay,URY,2019,100
Uruguay,URY,2020,100
Uzbekistan,UZB,1990,100
Uzbekistan,UZB,1991,100
Uzbekistan,UZB,1992,100
Uzbekistan,UZB,1993,100
Uzbekistan,UZB,1994,100
Uzbekistan,UZB,1995,100
Uzbekistan,UZB,1996,100
Uzbekistan,UZB,1997,100
Uzbekistan,UZB,1998,100
Uzbekistan,UZB,1999,100
Uzbekistan,UZB,2000,100
Uzbekistan,UZB,2001,100
Uzbekistan,UZB,2002,100
Uzbekistan,UZB,2003,100
Uzbekistan,UZB,2004,710
Uzbekistan,UZB,2005,730
Uzbekistan,UZB,2006,760
Uzbekistan,UZB,2007,780
Uzbekistan,UZB,2008,800
Uzbekistan,UZB,2009,820
Uzbekistan,UZB,2010,810
Uzbekistan,UZB,2011,840
Uzbekistan,UZB,2012,850
Uzbekistan,UZB,2013,850
Uzbekistan,UZB,2014,810
Uzbekistan,UZB,2015,860
Uzbekistan,UZB,2016,790
Uzbekistan,UZB,2017,800
Uzbekistan,UZB,2018,770
Uzbekistan,UZB,2019,100
Uzbekistan,UZB,2020,100
Venezuela,VEN,1990,200
Venezuela,VEN,1991,200
Venezuela,VEN,1992,200
Venezuela,VEN,1993,200
Venezuela,VEN,1994,200
Venezuela,VEN,1995,500
Venezuela,VEN,1996,500
Venezuela,VEN,1997,500
Venezuela,VEN,1998,500
Venezuela,VEN,1999,550
Venezuela,VEN,2000,640
Venezuela,VEN,2001,670
Venezuela,VEN,2002,760
Venezuela,VEN,2003,810
Venezuela,VEN,2004,810
Venezuela,VEN,2005,810
Venezuela,VEN,2006,760
Venezuela,VEN,2007,740
Venezuela,VEN,2008,740
Venezuela,VEN,2009,760
Venezuela,VEN,2010,740
Venezuela,VEN,2011,730
Venezuela,VEN,2012,690
Venezuela,VEN,2013,650
Venezuela,VEN,2014,590
Venezuela,VEN,2015,540
Venezuela,VEN,2016,500
Venezuela,VEN,2017,500
Venezuela,VEN,2018,500
Venezuela,VEN,2019,500
Venezuela,VEN,2020,500
Vietnam,VNM,1990,100
Vietnam,VNM,1991,100
Vietnam,VNM,1992,100
Vietnam,VNM,1993,100
Vietnam,VNM,1994,200
Vietnam,VNM,1995,500
Vietnam,VNM,1996,500
Vietnam,VNM,1997,500
Vietnam,VNM,1998,500
Vietnam,VNM,1999,500
Vietnam,VNM,2000,550
Vietnam,VNM,2001,600
Vietnam,VNM,2002,650
Vietnam,VNM,2003,680
Vietnam,VNM,2004,720
Vietnam,VNM,2005,720
Vietnam,VNM,2006,650
Vietnam,VNM,2007,600
Vietnam,VNM,2008,550
Vietnam,VNM,2009,500
Vietnam,VNM,2010,500
Vietnam,VNM,2011,500
Vietnam,VNM,2012,500
Vietnam,VNM,2013,500
Vietnam,VNM,2014,500
Vietnam,VNM,2015,500
Vietnam,VNM,2016,500
Vietnam,VNM,2017,500
Vietnam,VNM,2018,500
Vietnam,VNM,2019,500
Vietnam,VNM,2020,500
World,OWID_WRL,1990,250000
World,OWID_WRL,1991,290000
World,OWID_WRL,1992,330000
World,OWID_WRL,1993,370000
World,OWID_WRL,1994,410000
World,OWID_WRL,1995,440000
World,OWID_WRL,1996,470000
World,OWID_WRL,1997,500000
World,OWID_WRL,1998,510000
World,OWID_WRL,1999,520000
World,OWID_WRL,2000,520000
World,OWID_WRL,2001,520000
World,OWID_WRL,2002,510000
World,OWID_WRL,2003,510000
World,OWID_WRL,2004,500000
World,OWID_WRL,2005,480000
World,OWID_WRL,2006,460000
World,OWID_WRL,2007,420000
World,OWID_WRL,2008,390000
World,OWID_WRL,2009,350000
World,OWID_WRL,2010,320000
World,OWID_WRL,2011,280000
World,OWID_WRL,2012,250000
World,OWID_WRL,2013,220000
World,OWID_WRL,2014,210000
World,OWID_WRL,2015,190000
World,OWID_WRL,2016,190000
World,OWID_WRL,2017,180000
World,OWID_WRL,2018,170000
World,OWID_WRL,2019,160000
World,OWID_WRL,2020,150000
Yemen,YEM,1990,100
Yemen,YEM,1991,100
Yemen,YEM,1992,100
Yemen,YEM,1993,100
Yemen,YEM,1994,100
Yemen,YEM,1995,100
Yemen,YEM,1996,100
Yemen,YEM,1997,100
Yemen,YEM,1998,100
Yemen,YEM,1999,100
Yemen,YEM,2000,100
Yemen,YEM,2001,100
Yemen,YEM,2002,100
Yemen,YEM,2003,100
Yemen,YEM,2004,100
Yemen,YEM,2005,100
Yemen,YEM,2006,100
Yemen,YEM,2007,100
Yemen,YEM,2008,100
Yemen,YEM,2009,100
Yemen,YEM,2010,100
Yemen,YEM,2011,100
Yemen,YEM,2012,100
Yemen,YEM,2013,100
Yemen,YEM,2014,100
Yemen,YEM,2015,100
Yemen,YEM,2016,100
Yemen,YEM,2017,100
Yemen,YEM,2018,100
Yemen,YEM,2019,100
Yemen,YEM,2020,100
Zambia,ZMB,1990,14000
Zambia,ZMB,1991,16000
Zambia,ZMB,1992,18000
Zambia,ZMB,1993,20000
Zambia,ZMB,1994,22000
Zambia,ZMB,1995,23000
Zambia,ZMB,1996,24000
Zambia,ZMB,1997,25000
Zambia,ZMB,1998,25000
Zambia,ZMB,1999,26000
Zambia,ZMB,2000,26000
Zambia,ZMB,2001,26000
Zambia,ZMB,2002,26000
Zambia,ZMB,2003,26000
Zambia,ZMB,2004,24000
Zambia,ZMB,2005,21000
Zambia,ZMB,2006,19000
Zambia,ZMB,2007,18000
Zambia,ZMB,2008,15000
Zambia,ZMB,2009,14000
Zambia,ZMB,2010,14000
Zambia,ZMB,2011,13000
Zambia,ZMB,2012,13000
Zambia,ZMB,2013,9100
Zambia,ZMB,2014,8800
Zambia,ZMB,2015,11000
Zambia,ZMB,2016,11000
Zambia,ZMB,2017,9600
Zambia,ZMB,2018,9800
Zambia,ZMB,2019,8800
Zambia,ZMB,2020,8300
Zimbabwe,ZWE,1990,22000
Zimbabwe,ZWE,1991,26000
Zimbabwe,ZWE,1992,29000
Zimbabwe,ZWE,1993,31000
Zimbabwe,ZWE,1994,33000
Zimbabwe,ZWE,1995,34000
Zimbabwe,ZWE,1996,35000
Zimbabwe,ZWE,1997,36000
Zimbabwe,ZWE,1998,35000
Zimbabwe,ZWE,1999,34000
Zimbabwe,ZWE,2000,33000
Zimbabwe,ZWE,2001,32000
Zimbabwe,ZWE,2002,30000
Zimbabwe,ZWE,2003,28000
Zimbabwe,ZWE,2004,26000
Zimbabwe,ZWE,2005,25000
Zimbabwe,ZWE,2006,24000
Zimbabwe,ZWE,2007,23000
Zimbabwe,ZWE,2008,22000
Zimbabwe,ZWE,2009,20000
Zimbabwe,ZWE,2010,17000
Zimbabwe,ZWE,2011,14000
Zimbabwe,ZWE,2012,9500
Zimbabwe,ZWE,2013,9000
Zimbabwe,ZWE,2014,8000
Zimbabwe,ZWE,2015,7700
Zimbabwe,ZWE,2016,6600
Zimbabwe,ZWE,2017,5800
Zimbabwe,ZWE,2018,5100
Zimbabwe,ZWE,2019,4700
Zimbabwe,ZWE,2020,5100